time,user_id,status_key,value
2022-03-17 08:37:48,147,CHARACTERS_TYPED,38
2022-03-17 08:41:28,147,CHARACTERS_TYPED,89
2022-03-17 08:39:14,147,CHARACTERS_TYPED,420
2022-03-17 08:41:48,147,CHARACTERS_TYPED,233
2022-03-17 08:38:15,147,CHARACTERS_TYPED,0
2022-03-17 08:34:50,147,CHARACTERS_TYPED,0
2022-03-17 08:33:50,147,CHARACTERS_TYPED,0
2022-03-17 08:44:31,147,CHARACTERS_TYPED,0
2022-03-17 08:37:14,147,CHARACTERS_TYPED,0
2022-03-17 08:36:01,147,CHARACTERS_TYPED,0
2022-03-17 08:35:01,147,CHARACTERS_TYPED,115
2022-03-17 08:45:37,147,CHARACTERS_TYPED,199
2022-03-17 08:40:48,147,CHARACTERS_TYPED,199
2022-03-17 08:51:31,147,CHARACTERS_TYPED,877
2022-03-17 08:56:31,147,CHARACTERS_TYPED,770
2022-03-17 08:52:05,147,CHARACTERS_TYPED,717
2022-03-17 08:57:09,147,CHARACTERS_TYPED,768
2022-03-17 08:57:14,147,CHARACTERS_TYPED,654
2022-03-17 08:52:50,147,CHARACTERS_TYPED,409
2022-03-17 08:58:25,147,CHARACTERS_TYPED,0
2022-03-17 08:42:48,147,CHARACTERS_TYPED,0
2022-03-17 08:56:51,147,CHARACTERS_TYPED,0
2022-03-17 08:57:33,147,CHARACTERS_TYPED,183
2022-03-17 08:48:07,147,CHARACTERS_TYPED,226
2022-03-17 08:59:06,147,CHARACTERS_TYPED,278
2022-03-17 08:57:14,147,CHARACTERS_TYPED,516
2022-03-17 08:58:46,147,CHARACTERS_TYPED,580
2022-03-17 08:57:27,147,CHARACTERS_TYPED,479
2022-03-17 08:59:16,147,CHARACTERS_TYPED,301
2022-03-17 09:00:26,147,CHARACTERS_TYPED,32
2022-03-17 09:01:10,147,CHARACTERS_TYPED,83
2022-03-17 09:00:11,147,CHARACTERS_TYPED,9
2022-03-17 09:04:36,147,CHARACTERS_TYPED,60
2022-03-17 09:03:27,147,CHARACTERS_TYPED,240
2022-03-17 09:07:44,147,CHARACTERS_TYPED,70
2022-03-17 09:07:56,147,CHARACTERS_TYPED,200
2022-03-17 09:06:29,147,CHARACTERS_TYPED,499
2022-03-17 08:58:12,147,CHARACTERS_TYPED,847
2022-03-17 09:04:00,147,CHARACTERS_TYPED,527
2022-03-17 09:01:37,147,CHARACTERS_TYPED,480
2022-03-17 09:07:15,147,CHARACTERS_TYPED,297
2022-03-17 09:03:58,147,CHARACTERS_TYPED,188
2022-03-17 09:08:36,147,CHARACTERS_TYPED,0
2022-03-17 09:12:30,147,CHARACTERS_TYPED,13
2022-03-17 09:13:42,147,CHARACTERS_TYPED,103
2022-03-17 09:17:26,147,CHARACTERS_TYPED,292
2022-03-17 09:06:14,147,CHARACTERS_TYPED,495
2022-03-17 09:12:19,147,CHARACTERS_TYPED,679
2022-03-17 09:10:49,147,CHARACTERS_TYPED,628
2022-03-17 09:04:07,147,CHARACTERS_TYPED,885
2022-03-17 09:08:46,147,CHARACTERS_TYPED,936
2022-03-17 09:12:17,147,CHARACTERS_TYPED,1198
2022-03-17 09:15:14,147,CHARACTERS_TYPED,718
2022-03-17 09:04:15,147,CHARACTERS_TYPED,770
2022-03-17 09:13:04,147,CHARACTERS_TYPED,153
2022-03-17 09:12:28,147,CHARACTERS_TYPED,0
2022-03-17 09:07:51,147,CHARACTERS_TYPED,0
2022-03-17 09:15:40,147,CHARACTERS_TYPED,0
2022-03-17 09:08:13,147,CHARACTERS_TYPED,0
2022-03-17 09:21:30,147,CHARACTERS_TYPED,0
2022-03-17 09:11:32,147,CHARACTERS_TYPED,122
2022-03-17 09:18:27,147,CHARACTERS_TYPED,53
2022-03-17 09:16:00,147,CHARACTERS_TYPED,98
2022-03-17 09:17:27,147,CHARACTERS_TYPED,361
2022-03-17 09:14:47,147,CHARACTERS_TYPED,883
2022-03-17 09:20:03,147,CHARACTERS_TYPED,984
2022-03-17 09:17:29,147,CHARACTERS_TYPED,941
2022-03-17 09:19:39,147,CHARACTERS_TYPED,1114
2022-03-17 09:13:16,147,CHARACTERS_TYPED,1467
2022-03-17 09:18:51,147,CHARACTERS_TYPED,1629
2022-03-17 09:23:45,147,CHARACTERS_TYPED,1814
2022-03-17 09:26:36,147,CHARACTERS_TYPED,1699
2022-03-17 09:29:49,147,CHARACTERS_TYPED,1751
2022-03-17 09:31:50,147,CHARACTERS_TYPED,1648
2022-03-17 09:18:28,147,CHARACTERS_TYPED,1934
2022-03-17 09:25:33,147,CHARACTERS_TYPED,2014
2022-03-17 09:24:50,147,CHARACTERS_TYPED,2065
2022-03-17 09:23:48,147,CHARACTERS_TYPED,2201
2022-03-17 09:30:33,147,CHARACTERS_TYPED,2565
2022-03-17 09:25:41,147,CHARACTERS_TYPED,3154
2022-03-17 09:20:19,147,CHARACTERS_TYPED,3055
2022-03-17 09:27:22,147,CHARACTERS_TYPED,3492
2022-03-17 09:28:03,147,CHARACTERS_TYPED,3393
2022-03-17 09:28:50,147,CHARACTERS_TYPED,3781
2022-03-17 09:23:56,147,CHARACTERS_TYPED,3832
2022-03-17 09:28:35,147,CHARACTERS_TYPED,3736
2022-03-17 09:28:35,147,CHARACTERS_TYPED,4059
2022-03-17 09:29:43,147,CHARACTERS_TYPED,3878
2022-03-17 09:30:01,147,CHARACTERS_TYPED,3455
2022-03-17 09:28:32,147,CHARACTERS_TYPED,3569
2022-03-17 09:34:38,147,CHARACTERS_TYPED,3491
2022-03-17 09:28:39,147,CHARACTERS_TYPED,3614
2022-03-17 09:29:37,147,CHARACTERS_TYPED,3666
2022-03-17 09:29:36,147,CHARACTERS_TYPED,3766
2022-03-17 09:38:54,147,CHARACTERS_TYPED,3965
2022-03-17 09:37:32,147,CHARACTERS_TYPED,4054
2022-03-17 09:39:57,147,CHARACTERS_TYPED,4106
2022-03-17 09:43:42,147,CHARACTERS_TYPED,4313
2022-03-17 09:45:09,147,CHARACTERS_TYPED,4079
2022-03-17 09:40:19,147,CHARACTERS_TYPED,4248
2022-03-17 09:49:18,147,CHARACTERS_TYPED,4299
2022-03-17 09:42:57,147,CHARACTERS_TYPED,4719
2022-03-17 09:50:18,147,CHARACTERS_TYPED,4825
2022-03-17 09:49:12,147,CHARACTERS_TYPED,4895
2022-03-17 09:46:19,147,CHARACTERS_TYPED,4946
2022-03-17 09:49:33,147,CHARACTERS_TYPED,4960
2022-03-17 09:47:21,147,CHARACTERS_TYPED,4993
2022-03-17 09:51:43,147,CHARACTERS_TYPED,5689
2022-03-17 09:50:49,147,CHARACTERS_TYPED,5394
2022-03-17 09:53:59,147,CHARACTERS_TYPED,5269
2022-03-17 09:55:01,147,CHARACTERS_TYPED,5374
2022-03-17 09:50:50,147,CHARACTERS_TYPED,5295
2022-03-17 09:52:50,147,CHARACTERS_TYPED,5650
2022-03-17 09:48:36,147,CHARACTERS_TYPED,5606
2022-03-17 09:53:56,147,CHARACTERS_TYPED,5476
2022-03-17 09:52:02,147,CHARACTERS_TYPED,5386
2022-03-17 09:58:15,147,CHARACTERS_TYPED,5063
2022-03-17 09:56:19,147,CHARACTERS_TYPED,4795
2022-03-17 10:00:04,147,CHARACTERS_TYPED,5175
2022-03-17 09:56:13,147,CHARACTERS_TYPED,5414
2022-03-17 10:04:09,147,CHARACTERS_TYPED,5294
2022-03-17 10:05:52,147,CHARACTERS_TYPED,5555
2022-03-17 10:04:14,147,CHARACTERS_TYPED,5551
2022-03-17 10:05:45,147,CHARACTERS_TYPED,5789
2022-03-17 10:11:55,147,CHARACTERS_TYPED,6105
2022-03-17 10:11:14,147,CHARACTERS_TYPED,6157
2022-03-17 10:08:00,147,CHARACTERS_TYPED,6273
2022-03-17 10:08:19,147,CHARACTERS_TYPED,6471
2022-03-17 10:02:38,147,CHARACTERS_TYPED,6639
2022-03-17 10:07:56,147,CHARACTERS_TYPED,6610
2022-03-17 10:06:15,147,CHARACTERS_TYPED,6672
2022-03-17 10:17:30,147,CHARACTERS_TYPED,6457
2022-03-17 10:14:25,147,CHARACTERS_TYPED,6170
2022-03-17 10:08:54,147,CHARACTERS_TYPED,6239
2022-03-17 10:14:53,147,CHARACTERS_TYPED,6549
2022-03-17 10:10:45,147,CHARACTERS_TYPED,6350
2022-03-17 10:10:43,147,CHARACTERS_TYPED,6411
2022-03-17 10:09:13,147,CHARACTERS_TYPED,6415
2022-03-17 10:06:19,147,CHARACTERS_TYPED,6467
2022-03-17 10:14:28,147,CHARACTERS_TYPED,6660
2022-03-17 10:12:52,147,CHARACTERS_TYPED,6626
2022-03-17 10:12:32,147,CHARACTERS_TYPED,6677
2022-03-17 10:11:44,147,CHARACTERS_TYPED,6783
2022-03-17 10:16:08,147,CHARACTERS_TYPED,6779
2022-03-17 10:15:58,147,CHARACTERS_TYPED,7662
2022-03-17 10:17:10,147,CHARACTERS_TYPED,7502
2022-03-17 10:16:16,147,CHARACTERS_TYPED,7871
2022-03-17 10:16:32,147,CHARACTERS_TYPED,8132
2022-03-17 10:16:03,147,CHARACTERS_TYPED,8367
2022-03-17 10:22:54,147,CHARACTERS_TYPED,8670
2022-03-17 10:14:21,147,CHARACTERS_TYPED,8377
2022-03-17 10:16:40,147,CHARACTERS_TYPED,9017
2022-03-17 10:23:40,147,CHARACTERS_TYPED,9371
2022-03-17 10:20:10,147,CHARACTERS_TYPED,9522
2022-03-17 10:22:33,147,CHARACTERS_TYPED,9687
2022-03-17 10:18:01,147,CHARACTERS_TYPED,9873
2022-03-17 10:19:50,147,CHARACTERS_TYPED,9824
2022-03-17 10:17:30,147,CHARACTERS_TYPED,9875
2022-03-17 10:14:11,147,CHARACTERS_TYPED,10135
2022-03-17 10:21:06,147,CHARACTERS_TYPED,11018
2022-03-17 10:13:48,147,CHARACTERS_TYPED,10883
2022-03-17 10:15:48,147,CHARACTERS_TYPED,11365
2022-03-17 10:18:41,147,CHARACTERS_TYPED,11304
2022-03-17 10:28:38,147,CHARACTERS_TYPED,11463
2022-03-17 10:23:17,147,CHARACTERS_TYPED,12052
2022-03-17 10:17:47,147,CHARACTERS_TYPED,12365
2022-03-17 10:28:21,147,CHARACTERS_TYPED,12020
2022-03-17 10:18:12,147,CHARACTERS_TYPED,12483
2022-03-17 10:15:56,147,CHARACTERS_TYPED,12650
2022-03-17 10:32:53,147,CHARACTERS_TYPED,12666
2022-03-17 10:32:51,147,CHARACTERS_TYPED,12639
2022-03-17 10:25:58,147,CHARACTERS_TYPED,12625
2022-03-17 10:30:42,147,CHARACTERS_TYPED,13003
2022-03-17 10:32:02,147,CHARACTERS_TYPED,12930
2022-03-17 10:30:11,147,CHARACTERS_TYPED,13421
2022-03-17 10:25:33,147,CHARACTERS_TYPED,13476
2022-03-17 10:32:36,147,CHARACTERS_TYPED,13916
2022-03-17 10:33:26,147,CHARACTERS_TYPED,13637
2022-03-17 10:29:36,147,CHARACTERS_TYPED,14125
2022-03-17 10:34:16,147,CHARACTERS_TYPED,14573
2022-03-17 10:35:21,147,CHARACTERS_TYPED,14353
2022-03-17 10:26:00,147,CHARACTERS_TYPED,14068
2022-03-17 10:34:42,147,CHARACTERS_TYPED,14120
2022-03-17 10:35:07,147,CHARACTERS_TYPED,13950
2022-03-17 10:35:21,147,CHARACTERS_TYPED,14379
2022-03-17 10:37:45,147,CHARACTERS_TYPED,14422
2022-03-17 10:39:58,147,CHARACTERS_TYPED,14605
2022-03-17 10:44:20,147,CHARACTERS_TYPED,14000
2022-03-17 10:45:00,147,CHARACTERS_TYPED,14052
2022-03-17 10:40:06,147,CHARACTERS_TYPED,13963
2022-03-17 10:39:47,147,CHARACTERS_TYPED,14100
2022-03-17 10:45:48,147,CHARACTERS_TYPED,13719
2022-03-17 10:35:48,147,CHARACTERS_TYPED,13743
2022-03-17 10:43:59,147,CHARACTERS_TYPED,13335
2022-03-17 10:46:07,147,CHARACTERS_TYPED,13471
2022-03-17 10:42:03,147,CHARACTERS_TYPED,13566
2022-03-17 10:56:29,147,CHARACTERS_TYPED,13617
2022-03-17 10:39:05,147,CHARACTERS_TYPED,13574
2022-03-17 10:48:52,147,CHARACTERS_TYPED,13748
2022-03-17 10:43:41,147,CHARACTERS_TYPED,13800
2022-03-17 10:46:25,147,CHARACTERS_TYPED,13786
2022-03-17 10:43:03,147,CHARACTERS_TYPED,14321
2022-03-17 10:51:51,147,CHARACTERS_TYPED,14193
2022-03-17 10:47:58,147,CHARACTERS_TYPED,14663
2022-03-17 10:55:17,147,CHARACTERS_TYPED,14714
2022-03-17 10:52:54,147,CHARACTERS_TYPED,14766
2022-03-17 10:54:18,147,CHARACTERS_TYPED,14791
2022-03-17 10:53:01,147,CHARACTERS_TYPED,15078
2022-03-17 10:47:17,147,CHARACTERS_TYPED,15097
2022-03-17 11:01:50,147,CHARACTERS_TYPED,15053
2022-03-17 10:47:47,147,CHARACTERS_TYPED,15032
2022-03-17 11:00:33,147,CHARACTERS_TYPED,15521
2022-03-17 10:58:28,147,CHARACTERS_TYPED,15407
2022-03-17 11:05:28,147,CHARACTERS_TYPED,15718
2022-03-17 11:00:16,147,CHARACTERS_TYPED,15587
2022-03-17 11:00:38,147,CHARACTERS_TYPED,15545
2022-03-17 10:59:43,147,CHARACTERS_TYPED,15550
2022-03-17 11:12:16,147,CHARACTERS_TYPED,15366
2022-03-17 11:07:44,147,CHARACTERS_TYPED,15110
2022-03-17 11:03:57,147,CHARACTERS_TYPED,14669
2022-03-17 11:06:50,147,CHARACTERS_TYPED,15013
2022-03-17 11:09:54,147,CHARACTERS_TYPED,14895
2022-03-17 11:10:58,147,CHARACTERS_TYPED,15095
2022-03-17 11:12:12,147,CHARACTERS_TYPED,15107
2022-03-17 11:13:44,147,CHARACTERS_TYPED,15505
2022-03-17 11:19:05,147,CHARACTERS_TYPED,15352
2022-03-17 11:21:57,147,CHARACTERS_TYPED,15557
2022-03-17 11:23:34,147,CHARACTERS_TYPED,15793
2022-03-17 11:20:07,147,CHARACTERS_TYPED,15882
2022-03-17 11:15:24,147,CHARACTERS_TYPED,15608
2022-03-17 11:15:37,147,CHARACTERS_TYPED,15659
2022-03-17 11:17:13,147,CHARACTERS_TYPED,15374
2022-03-17 11:10:55,147,CHARACTERS_TYPED,15401
2022-03-17 11:17:36,147,CHARACTERS_TYPED,15487
2022-03-17 11:23:23,147,CHARACTERS_TYPED,14849
2022-03-17 11:22:12,147,CHARACTERS_TYPED,14440
2022-03-17 11:15:20,147,CHARACTERS_TYPED,14885
2022-03-17 11:12:11,147,CHARACTERS_TYPED,15119
2022-03-17 11:24:00,147,CHARACTERS_TYPED,15471
2022-03-17 11:27:42,147,CHARACTERS_TYPED,15820
2022-03-17 11:30:53,147,CHARACTERS_TYPED,15929
2022-03-17 11:25:27,147,CHARACTERS_TYPED,16212
2022-03-17 11:26:33,147,CHARACTERS_TYPED,16672
2022-03-17 11:27:38,147,CHARACTERS_TYPED,16902
2022-03-17 11:27:56,147,CHARACTERS_TYPED,16861
2022-03-17 11:27:39,147,CHARACTERS_TYPED,16728
2022-03-17 11:41:12,147,CHARACTERS_TYPED,16597
2022-03-17 11:36:29,147,CHARACTERS_TYPED,16649
2022-03-17 11:28:16,147,CHARACTERS_TYPED,16700
2022-03-17 11:39:14,147,CHARACTERS_TYPED,17012
2022-03-17 11:39:52,147,CHARACTERS_TYPED,16759
2022-03-17 11:48:41,147,CHARACTERS_TYPED,17038
2022-03-17 11:35:06,147,CHARACTERS_TYPED,16964
2022-03-17 11:41:36,147,CHARACTERS_TYPED,16805
2022-03-17 11:43:04,147,CHARACTERS_TYPED,16926
2022-03-17 11:38:28,147,CHARACTERS_TYPED,17025
2022-03-17 11:43:41,147,CHARACTERS_TYPED,17304
2022-03-17 11:44:20,147,CHARACTERS_TYPED,17694
2022-03-17 11:50:34,147,CHARACTERS_TYPED,17631
2022-03-17 11:45:28,147,CHARACTERS_TYPED,17492
2022-03-17 11:46:39,147,CHARACTERS_TYPED,17713
2022-03-17 11:48:30,147,CHARACTERS_TYPED,17882
2022-03-17 11:55:03,147,CHARACTERS_TYPED,17562
2022-03-17 11:53:42,147,CHARACTERS_TYPED,17614
2022-03-17 11:46:57,147,CHARACTERS_TYPED,17860
2022-03-17 11:52:22,147,CHARACTERS_TYPED,17851
2022-03-17 11:58:04,147,CHARACTERS_TYPED,17751
2022-03-17 11:57:23,147,CHARACTERS_TYPED,17892
2022-03-17 08:16:01,265,CHARACTERS_TYPED,51
2022-03-17 08:31:50,265,CHARACTERS_TYPED,103
2022-03-17 08:35:39,265,CHARACTERS_TYPED,154
2022-03-17 08:41:18,265,CHARACTERS_TYPED,359
2022-03-17 08:33:36,265,CHARACTERS_TYPED,250
2022-03-17 08:31:13,265,CHARACTERS_TYPED,291
2022-03-17 08:30:24,265,CHARACTERS_TYPED,282
2022-03-17 08:40:04,265,CHARACTERS_TYPED,389
2022-03-17 08:35:56,265,CHARACTERS_TYPED,251
2022-03-17 08:44:43,265,CHARACTERS_TYPED,345
2022-03-17 08:36:17,265,CHARACTERS_TYPED,897
2022-03-17 08:43:48,265,CHARACTERS_TYPED,729
2022-03-17 08:34:53,265,CHARACTERS_TYPED,559
2022-03-17 08:33:47,265,CHARACTERS_TYPED,477
2022-03-17 08:37:26,265,CHARACTERS_TYPED,352
2022-03-17 08:41:34,265,CHARACTERS_TYPED,0
2022-03-17 08:38:56,265,CHARACTERS_TYPED,62
2022-03-17 08:31:58,265,CHARACTERS_TYPED,113
2022-03-17 08:31:36,265,CHARACTERS_TYPED,0
2022-03-17 08:32:40,265,CHARACTERS_TYPED,0
2022-03-17 08:40:56,265,CHARACTERS_TYPED,0
2022-03-17 08:38:22,265,CHARACTERS_TYPED,0
2022-03-17 08:44:21,265,CHARACTERS_TYPED,0
2022-03-17 08:39:11,265,CHARACTERS_TYPED,0
2022-03-17 08:46:58,265,CHARACTERS_TYPED,0
2022-03-17 08:37:34,265,CHARACTERS_TYPED,0
2022-03-17 08:45:09,265,CHARACTERS_TYPED,0
2022-03-17 08:45:36,265,CHARACTERS_TYPED,0
2022-03-17 08:44:28,265,CHARACTERS_TYPED,0
2022-03-17 08:32:23,265,CHARACTERS_TYPED,0
2022-03-17 08:51:38,265,CHARACTERS_TYPED,0
2022-03-17 08:51:16,265,CHARACTERS_TYPED,0
2022-03-17 08:43:30,265,CHARACTERS_TYPED,0
2022-03-17 08:40:55,265,CHARACTERS_TYPED,0
2022-03-17 08:44:56,265,CHARACTERS_TYPED,0
2022-03-17 08:51:22,265,CHARACTERS_TYPED,0
2022-03-17 08:50:48,265,CHARACTERS_TYPED,0
2022-03-17 08:52:07,265,CHARACTERS_TYPED,0
2022-03-17 08:52:44,265,CHARACTERS_TYPED,0
2022-03-17 08:47:50,265,CHARACTERS_TYPED,0
2022-03-17 08:47:37,265,CHARACTERS_TYPED,0
2022-03-17 08:47:31,265,CHARACTERS_TYPED,344
2022-03-17 08:53:11,265,CHARACTERS_TYPED,395
2022-03-17 09:03:28,265,CHARACTERS_TYPED,0
2022-03-17 08:57:09,265,CHARACTERS_TYPED,0
2022-03-17 09:00:07,265,CHARACTERS_TYPED,0
2022-03-17 09:06:09,265,CHARACTERS_TYPED,0
2022-03-17 09:06:10,265,CHARACTERS_TYPED,0
2022-03-17 08:58:33,265,CHARACTERS_TYPED,0
2022-03-17 09:03:40,265,CHARACTERS_TYPED,83
2022-03-17 09:02:36,265,CHARACTERS_TYPED,350
2022-03-17 09:09:05,265,CHARACTERS_TYPED,401
2022-03-17 09:09:53,265,CHARACTERS_TYPED,410
2022-03-17 09:05:06,265,CHARACTERS_TYPED,157
2022-03-17 09:12:42,265,CHARACTERS_TYPED,422
2022-03-17 08:57:17,265,CHARACTERS_TYPED,473
2022-03-17 09:01:39,265,CHARACTERS_TYPED,150
2022-03-17 09:04:55,265,CHARACTERS_TYPED,619
2022-03-17 09:07:54,265,CHARACTERS_TYPED,914
2022-03-17 09:05:30,265,CHARACTERS_TYPED,1242
2022-03-17 09:05:28,265,CHARACTERS_TYPED,1463
2022-03-17 09:09:09,265,CHARACTERS_TYPED,1964
2022-03-17 09:05:37,265,CHARACTERS_TYPED,2194
2022-03-17 09:10:30,265,CHARACTERS_TYPED,1774
2022-03-17 09:06:33,265,CHARACTERS_TYPED,1390
2022-03-17 09:10:07,265,CHARACTERS_TYPED,1364
2022-03-17 09:14:47,265,CHARACTERS_TYPED,1504
2022-03-17 09:12:51,265,CHARACTERS_TYPED,1337
2022-03-17 09:11:03,265,CHARACTERS_TYPED,1470
2022-03-17 09:23:36,265,CHARACTERS_TYPED,2307
2022-03-17 09:21:20,265,CHARACTERS_TYPED,2359
2022-03-17 09:09:23,265,CHARACTERS_TYPED,2392
2022-03-17 09:26:49,265,CHARACTERS_TYPED,2357
2022-03-17 09:25:57,265,CHARACTERS_TYPED,1985
2022-03-17 09:29:45,265,CHARACTERS_TYPED,2067
2022-03-17 09:16:45,265,CHARACTERS_TYPED,1612
2022-03-17 09:18:45,265,CHARACTERS_TYPED,1663
2022-03-17 09:23:19,265,CHARACTERS_TYPED,1683
2022-03-17 09:30:29,265,CHARACTERS_TYPED,1823
2022-03-17 09:28:30,265,CHARACTERS_TYPED,2215
2022-03-17 09:42:04,265,CHARACTERS_TYPED,2438
2022-03-17 09:29:12,265,CHARACTERS_TYPED,2489
2022-03-17 09:25:42,265,CHARACTERS_TYPED,2533
2022-03-17 09:31:43,265,CHARACTERS_TYPED,2731
2022-03-17 09:26:12,265,CHARACTERS_TYPED,2821
2022-03-17 09:32:33,265,CHARACTERS_TYPED,2943
2022-03-17 09:36:38,265,CHARACTERS_TYPED,3176
2022-03-17 09:27:18,265,CHARACTERS_TYPED,3227
2022-03-17 09:27:33,265,CHARACTERS_TYPED,3279
2022-03-17 09:28:06,265,CHARACTERS_TYPED,3571
2022-03-17 09:23:23,265,CHARACTERS_TYPED,3952
2022-03-17 09:32:06,265,CHARACTERS_TYPED,3571
2022-03-17 09:34:23,265,CHARACTERS_TYPED,3644
2022-03-17 09:34:22,265,CHARACTERS_TYPED,3993
2022-03-17 09:32:16,265,CHARACTERS_TYPED,3885
2022-03-17 09:29:46,265,CHARACTERS_TYPED,3937
2022-03-17 09:33:40,265,CHARACTERS_TYPED,4165
2022-03-17 09:37:19,265,CHARACTERS_TYPED,4186
2022-03-17 09:38:49,265,CHARACTERS_TYPED,4557
2022-03-17 09:38:39,265,CHARACTERS_TYPED,4287
2022-03-17 09:28:50,265,CHARACTERS_TYPED,4301
2022-03-17 09:42:34,265,CHARACTERS_TYPED,4211
2022-03-17 09:34:50,265,CHARACTERS_TYPED,4495
2022-03-17 09:42:19,265,CHARACTERS_TYPED,4782
2022-03-17 09:43:09,265,CHARACTERS_TYPED,4827
2022-03-17 09:36:22,265,CHARACTERS_TYPED,5035
2022-03-17 09:38:24,265,CHARACTERS_TYPED,5131
2022-03-17 09:39:00,265,CHARACTERS_TYPED,5092
2022-03-17 09:43:38,265,CHARACTERS_TYPED,5373
2022-03-17 09:35:17,265,CHARACTERS_TYPED,5278
2022-03-17 09:37:54,265,CHARACTERS_TYPED,5625
2022-03-17 09:46:52,265,CHARACTERS_TYPED,5833
2022-03-17 09:42:09,265,CHARACTERS_TYPED,5885
2022-03-17 09:40:34,265,CHARACTERS_TYPED,6449
2022-03-17 09:44:51,265,CHARACTERS_TYPED,6546
2022-03-17 09:49:24,265,CHARACTERS_TYPED,6615
2022-03-17 09:49:25,265,CHARACTERS_TYPED,6361
2022-03-17 09:50:06,265,CHARACTERS_TYPED,6469
2022-03-17 09:48:22,265,CHARACTERS_TYPED,6520
2022-03-17 09:42:39,265,CHARACTERS_TYPED,6712
2022-03-17 09:50:45,265,CHARACTERS_TYPED,6893
2022-03-17 09:49:23,265,CHARACTERS_TYPED,6530
2022-03-17 09:50:41,265,CHARACTERS_TYPED,6474
2022-03-17 09:52:05,265,CHARACTERS_TYPED,6729
2022-03-17 09:52:22,265,CHARACTERS_TYPED,6958
2022-03-17 09:56:31,265,CHARACTERS_TYPED,7283
2022-03-17 10:02:41,265,CHARACTERS_TYPED,7489
2022-03-17 09:58:06,265,CHARACTERS_TYPED,7210
2022-03-17 10:00:23,265,CHARACTERS_TYPED,7761
2022-03-17 09:47:06,265,CHARACTERS_TYPED,7863
2022-03-17 09:59:09,265,CHARACTERS_TYPED,7915
2022-03-17 10:00:32,265,CHARACTERS_TYPED,8143
2022-03-17 09:56:21,265,CHARACTERS_TYPED,8557
2022-03-17 10:08:13,265,CHARACTERS_TYPED,8728
2022-03-17 10:03:56,265,CHARACTERS_TYPED,8533
2022-03-17 10:04:39,265,CHARACTERS_TYPED,8660
2022-03-17 10:12:23,265,CHARACTERS_TYPED,9013
2022-03-17 10:03:16,265,CHARACTERS_TYPED,9058
2022-03-17 10:05:04,265,CHARACTERS_TYPED,9573
2022-03-17 10:02:26,265,CHARACTERS_TYPED,9325
2022-03-17 10:06:13,265,CHARACTERS_TYPED,9565
2022-03-17 10:04:17,265,CHARACTERS_TYPED,9776
2022-03-17 10:11:18,265,CHARACTERS_TYPED,9493
2022-03-17 10:14:54,265,CHARACTERS_TYPED,9484
2022-03-17 10:16:13,265,CHARACTERS_TYPED,9334
2022-03-17 10:09:15,265,CHARACTERS_TYPED,9453
2022-03-17 10:13:06,265,CHARACTERS_TYPED,9716
2022-03-17 10:11:16,265,CHARACTERS_TYPED,9591
2022-03-17 10:06:37,265,CHARACTERS_TYPED,9938
2022-03-17 10:21:18,265,CHARACTERS_TYPED,10288
2022-03-17 10:14:01,265,CHARACTERS_TYPED,10227
2022-03-17 10:17:54,265,CHARACTERS_TYPED,10403
2022-03-17 10:18:08,265,CHARACTERS_TYPED,10341
2022-03-17 10:21:27,265,CHARACTERS_TYPED,10620
2022-03-17 10:20:28,265,CHARACTERS_TYPED,11057
2022-03-17 10:13:52,265,CHARACTERS_TYPED,10954
2022-03-17 10:26:46,265,CHARACTERS_TYPED,10957
2022-03-17 10:25:51,265,CHARACTERS_TYPED,11240
2022-03-17 10:18:00,265,CHARACTERS_TYPED,11418
2022-03-17 10:20:21,265,CHARACTERS_TYPED,11235
2022-03-17 10:30:23,265,CHARACTERS_TYPED,11344
2022-03-17 10:21:51,265,CHARACTERS_TYPED,11395
2022-03-17 10:30:27,265,CHARACTERS_TYPED,11717
2022-03-17 10:29:59,265,CHARACTERS_TYPED,11909
2022-03-17 10:28:13,265,CHARACTERS_TYPED,11585
2022-03-17 10:27:22,265,CHARACTERS_TYPED,11573
2022-03-17 10:30:58,265,CHARACTERS_TYPED,11438
2022-03-17 10:30:57,265,CHARACTERS_TYPED,10975
2022-03-17 10:26:20,265,CHARACTERS_TYPED,10831
2022-03-17 10:29:26,265,CHARACTERS_TYPED,11100
2022-03-17 10:30:22,265,CHARACTERS_TYPED,11125
2022-03-17 10:34:52,265,CHARACTERS_TYPED,11322
2022-03-17 10:32:38,265,CHARACTERS_TYPED,11464
2022-03-17 10:37:21,265,CHARACTERS_TYPED,11238
2022-03-17 10:38:09,265,CHARACTERS_TYPED,10929
2022-03-17 10:33:03,265,CHARACTERS_TYPED,10470
2022-03-17 10:34:51,265,CHARACTERS_TYPED,10561
2022-03-17 10:36:51,265,CHARACTERS_TYPED,10613
2022-03-17 10:27:08,265,CHARACTERS_TYPED,10664
2022-03-17 10:30:28,265,CHARACTERS_TYPED,10778
2022-03-17 10:29:54,265,CHARACTERS_TYPED,10541
2022-03-17 10:42:42,265,CHARACTERS_TYPED,10929
2022-03-17 10:32:03,265,CHARACTERS_TYPED,11344
2022-03-17 10:31:18,265,CHARACTERS_TYPED,11300
2022-03-17 10:39:08,265,CHARACTERS_TYPED,11461
2022-03-17 10:36:02,265,CHARACTERS_TYPED,11498
2022-03-17 10:31:01,265,CHARACTERS_TYPED,11549
2022-03-17 10:43:19,265,CHARACTERS_TYPED,11486
2022-03-17 10:37:31,265,CHARACTERS_TYPED,11538
2022-03-17 10:44:09,265,CHARACTERS_TYPED,11359
2022-03-17 10:44:24,265,CHARACTERS_TYPED,11590
2022-03-17 10:46:11,265,CHARACTERS_TYPED,11305
2022-03-17 10:39:54,265,CHARACTERS_TYPED,11343
2022-03-17 10:43:11,265,CHARACTERS_TYPED,11969
2022-03-17 10:50:26,265,CHARACTERS_TYPED,12334
2022-03-17 10:52:25,265,CHARACTERS_TYPED,12546
2022-03-17 10:50:12,265,CHARACTERS_TYPED,12406
2022-03-17 10:50:41,265,CHARACTERS_TYPED,12843
2022-03-17 10:52:20,265,CHARACTERS_TYPED,12771
2022-03-17 10:51:46,265,CHARACTERS_TYPED,12678
2022-03-17 10:52:51,265,CHARACTERS_TYPED,12125
2022-03-17 10:52:30,265,CHARACTERS_TYPED,12931
2022-03-17 10:45:43,265,CHARACTERS_TYPED,12982
2022-03-17 10:49:23,265,CHARACTERS_TYPED,13034
2022-03-17 10:51:20,265,CHARACTERS_TYPED,12931
2022-03-17 10:57:38,265,CHARACTERS_TYPED,12920
2022-03-17 10:54:13,265,CHARACTERS_TYPED,12681
2022-03-17 10:48:06,265,CHARACTERS_TYPED,12950
2022-03-17 10:51:51,265,CHARACTERS_TYPED,13002
2022-03-17 10:58:55,265,CHARACTERS_TYPED,12740
2022-03-17 10:51:02,265,CHARACTERS_TYPED,12777
2022-03-17 10:56:17,265,CHARACTERS_TYPED,12180
2022-03-17 10:59:25,265,CHARACTERS_TYPED,11862
2022-03-17 11:06:51,265,CHARACTERS_TYPED,12353
2022-03-17 11:04:07,265,CHARACTERS_TYPED,12610
2022-03-17 10:57:27,265,CHARACTERS_TYPED,12611
2022-03-17 11:01:56,265,CHARACTERS_TYPED,12332
2022-03-17 11:03:17,265,CHARACTERS_TYPED,12257
2022-03-17 11:02:12,265,CHARACTERS_TYPED,12503
2022-03-17 11:02:10,265,CHARACTERS_TYPED,12169
2022-03-17 11:10:02,265,CHARACTERS_TYPED,12181
2022-03-17 11:03:40,265,CHARACTERS_TYPED,11883
2022-03-17 11:06:18,265,CHARACTERS_TYPED,11700
2022-03-17 11:12:55,265,CHARACTERS_TYPED,11306
2022-03-17 11:01:48,265,CHARACTERS_TYPED,11422
2022-03-17 11:02:08,265,CHARACTERS_TYPED,11317
2022-03-17 11:09:06,265,CHARACTERS_TYPED,11369
2022-03-17 11:08:48,265,CHARACTERS_TYPED,11344
2022-03-17 11:18:31,265,CHARACTERS_TYPED,11563
2022-03-17 11:11:55,265,CHARACTERS_TYPED,11857
2022-03-17 11:06:51,265,CHARACTERS_TYPED,11696
2022-03-17 11:05:04,265,CHARACTERS_TYPED,11633
2022-03-17 11:10:35,265,CHARACTERS_TYPED,11651
2022-03-17 11:06:10,265,CHARACTERS_TYPED,11622
2022-03-17 11:14:33,265,CHARACTERS_TYPED,11864
2022-03-17 11:17:31,265,CHARACTERS_TYPED,11970
2022-03-17 11:19:08,265,CHARACTERS_TYPED,11985
2022-03-17 11:17:51,265,CHARACTERS_TYPED,12175
2022-03-17 11:15:44,265,CHARACTERS_TYPED,12352
2022-03-17 11:24:22,265,CHARACTERS_TYPED,12403
2022-03-17 11:17:20,265,CHARACTERS_TYPED,12591
2022-03-17 11:20:03,265,CHARACTERS_TYPED,12301
2022-03-17 11:20:10,265,CHARACTERS_TYPED,12246
2022-03-17 11:28:42,265,CHARACTERS_TYPED,12422
2022-03-17 11:26:39,265,CHARACTERS_TYPED,12473
2022-03-17 11:27:44,265,CHARACTERS_TYPED,12875
2022-03-17 11:28:04,265,CHARACTERS_TYPED,13413
2022-03-17 11:23:18,265,CHARACTERS_TYPED,13364
2022-03-17 11:31:07,265,CHARACTERS_TYPED,13415
2022-03-17 11:26:55,265,CHARACTERS_TYPED,13467
2022-03-17 11:32:27,265,CHARACTERS_TYPED,13656
2022-03-17 08:41:02,635,CHARACTERS_TYPED,0
2022-03-17 08:40:46,635,CHARACTERS_TYPED,0
2022-03-17 08:33:32,635,CHARACTERS_TYPED,13
2022-03-17 08:28:36,635,CHARACTERS_TYPED,0
2022-03-17 08:34:32,635,CHARACTERS_TYPED,0
2022-03-17 08:44:58,635,CHARACTERS_TYPED,688
2022-03-17 08:32:46,635,CHARACTERS_TYPED,640
2022-03-17 08:32:24,635,CHARACTERS_TYPED,841
2022-03-17 08:28:26,635,CHARACTERS_TYPED,1035
2022-03-17 08:34:08,635,CHARACTERS_TYPED,979
2022-03-17 08:38:56,635,CHARACTERS_TYPED,778
2022-03-17 08:46:14,635,CHARACTERS_TYPED,1308
2022-03-17 08:44:53,635,CHARACTERS_TYPED,1398
2022-03-17 08:38:50,635,CHARACTERS_TYPED,1379
2022-03-17 08:41:35,635,CHARACTERS_TYPED,1192
2022-03-17 08:38:11,635,CHARACTERS_TYPED,1319
2022-03-17 08:51:11,635,CHARACTERS_TYPED,1010
2022-03-17 08:41:47,635,CHARACTERS_TYPED,1061
2022-03-17 08:51:36,635,CHARACTERS_TYPED,1232
2022-03-17 08:50:22,635,CHARACTERS_TYPED,1129
2022-03-17 08:49:33,635,CHARACTERS_TYPED,1109
2022-03-17 08:47:16,635,CHARACTERS_TYPED,1388
2022-03-17 08:56:42,635,CHARACTERS_TYPED,1271
2022-03-17 08:58:32,635,CHARACTERS_TYPED,1322
2022-03-17 08:52:20,635,CHARACTERS_TYPED,1336
2022-03-17 08:56:43,635,CHARACTERS_TYPED,1508
2022-03-17 08:56:11,635,CHARACTERS_TYPED,1904
2022-03-17 08:59:38,635,CHARACTERS_TYPED,1729
2022-03-17 08:56:09,635,CHARACTERS_TYPED,1973
2022-03-17 08:50:59,635,CHARACTERS_TYPED,2188
2022-03-17 08:55:57,635,CHARACTERS_TYPED,2108
2022-03-17 09:00:50,635,CHARACTERS_TYPED,1600
2022-03-17 09:00:06,635,CHARACTERS_TYPED,1443
2022-03-17 09:04:49,635,CHARACTERS_TYPED,1865
2022-03-17 09:01:29,635,CHARACTERS_TYPED,1916
2022-03-17 09:01:47,635,CHARACTERS_TYPED,1560
2022-03-17 08:57:29,635,CHARACTERS_TYPED,1623
2022-03-17 09:04:51,635,CHARACTERS_TYPED,1495
2022-03-17 09:03:56,635,CHARACTERS_TYPED,1560
2022-03-17 08:59:54,635,CHARACTERS_TYPED,1413
2022-03-17 09:11:42,635,CHARACTERS_TYPED,1464
2022-03-17 09:01:32,635,CHARACTERS_TYPED,1368
2022-03-17 08:56:18,635,CHARACTERS_TYPED,1209
2022-03-17 09:01:50,635,CHARACTERS_TYPED,1048
2022-03-17 09:08:36,635,CHARACTERS_TYPED,1100
2022-03-17 09:09:48,635,CHARACTERS_TYPED,801
2022-03-17 09:06:43,635,CHARACTERS_TYPED,1048
2022-03-17 09:10:50,635,CHARACTERS_TYPED,1041
2022-03-17 09:13:22,635,CHARACTERS_TYPED,1380
2022-03-17 09:09:15,635,CHARACTERS_TYPED,829
2022-03-17 09:06:11,635,CHARACTERS_TYPED,1333
2022-03-17 09:13:46,635,CHARACTERS_TYPED,1403
2022-03-17 09:16:00,635,CHARACTERS_TYPED,1062
2022-03-17 09:07:03,635,CHARACTERS_TYPED,797
2022-03-17 09:03:13,635,CHARACTERS_TYPED,841
2022-03-17 09:15:20,635,CHARACTERS_TYPED,925
2022-03-17 09:11:43,635,CHARACTERS_TYPED,1040
2022-03-17 09:14:06,635,CHARACTERS_TYPED,1092
2022-03-17 09:11:32,635,CHARACTERS_TYPED,1143
2022-03-17 09:13:12,635,CHARACTERS_TYPED,1089
2022-03-17 09:07:27,635,CHARACTERS_TYPED,1141
2022-03-17 09:26:14,635,CHARACTERS_TYPED,1097
2022-03-17 09:24:37,635,CHARACTERS_TYPED,1418
2022-03-17 09:14:36,635,CHARACTERS_TYPED,1558
2022-03-17 09:21:00,635,CHARACTERS_TYPED,1781
2022-03-17 09:22:29,635,CHARACTERS_TYPED,1617
2022-03-17 09:23:44,635,CHARACTERS_TYPED,992
2022-03-17 09:20:21,635,CHARACTERS_TYPED,951
2022-03-17 09:26:21,635,CHARACTERS_TYPED,1491
2022-03-17 09:25:12,635,CHARACTERS_TYPED,1542
2022-03-17 09:20:17,635,CHARACTERS_TYPED,2098
2022-03-17 09:19:12,635,CHARACTERS_TYPED,2021
2022-03-17 09:27:13,635,CHARACTERS_TYPED,2368
2022-03-17 09:29:03,635,CHARACTERS_TYPED,2736
2022-03-17 09:32:18,635,CHARACTERS_TYPED,2855
2022-03-17 09:24:21,635,CHARACTERS_TYPED,3477
2022-03-17 09:26:24,635,CHARACTERS_TYPED,3528
2022-03-17 09:33:49,635,CHARACTERS_TYPED,3426
2022-03-17 09:29:02,635,CHARACTERS_TYPED,3472
2022-03-17 09:19:12,635,CHARACTERS_TYPED,3429
2022-03-17 09:26:56,635,CHARACTERS_TYPED,3359
2022-03-17 09:32:54,635,CHARACTERS_TYPED,3515
2022-03-17 09:33:52,635,CHARACTERS_TYPED,3339
2022-03-17 09:24:27,635,CHARACTERS_TYPED,3539
2022-03-17 09:28:34,635,CHARACTERS_TYPED,4038
2022-03-17 09:29:52,635,CHARACTERS_TYPED,3792
2022-03-17 09:30:51,635,CHARACTERS_TYPED,3879
2022-03-17 09:39:08,635,CHARACTERS_TYPED,3931
2022-03-17 09:36:53,635,CHARACTERS_TYPED,4419
2022-03-17 09:36:03,635,CHARACTERS_TYPED,4501
2022-03-17 09:38:11,635,CHARACTERS_TYPED,4333
2022-03-17 09:40:22,635,CHARACTERS_TYPED,4347
2022-03-17 09:37:57,635,CHARACTERS_TYPED,4062
2022-03-17 09:29:53,635,CHARACTERS_TYPED,4474
2022-03-17 09:44:13,635,CHARACTERS_TYPED,4319
2022-03-17 09:33:06,635,CHARACTERS_TYPED,4030
2022-03-17 09:44:37,635,CHARACTERS_TYPED,4162
2022-03-17 09:41:28,635,CHARACTERS_TYPED,4016
2022-03-17 09:40:25,635,CHARACTERS_TYPED,3906
2022-03-17 09:43:04,635,CHARACTERS_TYPED,3364
2022-03-17 09:39:52,635,CHARACTERS_TYPED,3416
2022-03-17 09:46:54,635,CHARACTERS_TYPED,3500
2022-03-17 09:52:24,635,CHARACTERS_TYPED,3718
2022-03-17 09:36:18,635,CHARACTERS_TYPED,3818
2022-03-17 09:48:32,635,CHARACTERS_TYPED,3567
2022-03-17 09:46:42,635,CHARACTERS_TYPED,3901
2022-03-17 09:45:39,635,CHARACTERS_TYPED,4257
2022-03-17 09:55:53,635,CHARACTERS_TYPED,4480
2022-03-17 09:57:53,635,CHARACTERS_TYPED,4557
2022-03-17 09:55:28,635,CHARACTERS_TYPED,4553
2022-03-17 09:52:02,635,CHARACTERS_TYPED,4351
2022-03-17 09:54:26,635,CHARACTERS_TYPED,4096
2022-03-17 09:52:16,635,CHARACTERS_TYPED,4318
2022-03-17 09:55:29,635,CHARACTERS_TYPED,4614
2022-03-17 09:52:59,635,CHARACTERS_TYPED,4896
2022-03-17 09:50:57,635,CHARACTERS_TYPED,4778
2022-03-17 09:53:07,635,CHARACTERS_TYPED,4830
2022-03-17 09:59:42,635,CHARACTERS_TYPED,4828
2022-03-17 09:57:05,635,CHARACTERS_TYPED,4879
2022-03-17 09:53:50,635,CHARACTERS_TYPED,5125
2022-03-17 09:57:54,635,CHARACTERS_TYPED,5229
2022-03-17 09:52:40,635,CHARACTERS_TYPED,5281
2022-03-17 10:06:26,635,CHARACTERS_TYPED,5352
2022-03-17 10:17:25,635,CHARACTERS_TYPED,5404
2022-03-17 10:00:17,635,CHARACTERS_TYPED,5313
2022-03-17 09:59:01,635,CHARACTERS_TYPED,5704
2022-03-17 10:03:15,635,CHARACTERS_TYPED,5755
2022-03-17 10:01:30,635,CHARACTERS_TYPED,5807
2022-03-17 09:56:26,635,CHARACTERS_TYPED,5858
2022-03-17 09:58:30,635,CHARACTERS_TYPED,5282
2022-03-17 09:58:49,635,CHARACTERS_TYPED,5406
2022-03-17 10:02:44,635,CHARACTERS_TYPED,5678
2022-03-17 09:56:42,635,CHARACTERS_TYPED,5797
2022-03-17 10:04:08,635,CHARACTERS_TYPED,5683
2022-03-17 10:08:21,635,CHARACTERS_TYPED,5707
2022-03-17 10:14:02,635,CHARACTERS_TYPED,5759
2022-03-17 09:48:22,635,CHARACTERS_TYPED,5743
2022-03-17 10:02:43,635,CHARACTERS_TYPED,5667
2022-03-17 10:09:06,635,CHARACTERS_TYPED,6268
2022-03-17 10:08:24,635,CHARACTERS_TYPED,6320
2022-03-17 10:03:09,635,CHARACTERS_TYPED,6350
2022-03-17 09:59:11,635,CHARACTERS_TYPED,6426
2022-03-17 09:50:11,635,CHARACTERS_TYPED,6442
2022-03-17 10:03:13,635,CHARACTERS_TYPED,5953
2022-03-17 10:14:05,635,CHARACTERS_TYPED,6406
2022-03-17 10:05:03,635,CHARACTERS_TYPED,6322
2022-03-17 10:09:28,635,CHARACTERS_TYPED,6373
2022-03-17 10:07:50,635,CHARACTERS_TYPED,6579
2022-03-17 10:18:28,635,CHARACTERS_TYPED,6347
2022-03-17 10:08:55,635,CHARACTERS_TYPED,6466
2022-03-17 10:08:14,635,CHARACTERS_TYPED,6571
2022-03-17 10:17:08,635,CHARACTERS_TYPED,6392
2022-03-17 10:12:55,635,CHARACTERS_TYPED,6532
2022-03-17 10:15:28,635,CHARACTERS_TYPED,6583
2022-03-17 10:17:46,635,CHARACTERS_TYPED,6568
2022-03-17 10:15:32,635,CHARACTERS_TYPED,7087
2022-03-17 10:11:27,635,CHARACTERS_TYPED,7023
2022-03-17 10:11:42,635,CHARACTERS_TYPED,6872
2022-03-17 10:21:35,635,CHARACTERS_TYPED,6610
2022-03-17 10:16:36,635,CHARACTERS_TYPED,6661
2022-03-17 10:15:48,635,CHARACTERS_TYPED,6947
2022-03-17 10:22:36,635,CHARACTERS_TYPED,6749
2022-03-17 10:20:43,635,CHARACTERS_TYPED,6851
2022-03-17 10:20:53,635,CHARACTERS_TYPED,7043
2022-03-17 10:23:17,635,CHARACTERS_TYPED,7095
2022-03-17 10:30:39,635,CHARACTERS_TYPED,6883
2022-03-17 10:14:10,635,CHARACTERS_TYPED,6780
2022-03-17 10:32:41,635,CHARACTERS_TYPED,7160
2022-03-17 10:27:09,635,CHARACTERS_TYPED,7211
2022-03-17 10:22:39,635,CHARACTERS_TYPED,7344
2022-03-17 10:28:01,635,CHARACTERS_TYPED,7376
2022-03-17 10:27:52,635,CHARACTERS_TYPED,7050
2022-03-17 10:27:10,635,CHARACTERS_TYPED,7177
2022-03-17 10:16:57,635,CHARACTERS_TYPED,6997
2022-03-17 10:31:09,635,CHARACTERS_TYPED,7044
2022-03-17 10:35:14,635,CHARACTERS_TYPED,6938
2022-03-17 10:38:59,635,CHARACTERS_TYPED,7339
2022-03-17 10:31:59,635,CHARACTERS_TYPED,7484
2022-03-17 10:31:24,635,CHARACTERS_TYPED,7622
2022-03-17 10:42:00,635,CHARACTERS_TYPED,7768
2022-03-17 10:31:48,635,CHARACTERS_TYPED,7669
2022-03-17 10:39:17,635,CHARACTERS_TYPED,7944
2022-03-17 10:42:24,635,CHARACTERS_TYPED,7763
2022-03-17 10:40:45,635,CHARACTERS_TYPED,7962
2022-03-17 10:42:47,635,CHARACTERS_TYPED,7977
2022-03-17 10:37:39,635,CHARACTERS_TYPED,7825
2022-03-17 10:44:09,635,CHARACTERS_TYPED,7494
2022-03-17 10:43:46,635,CHARACTERS_TYPED,7569
2022-03-17 10:44:24,635,CHARACTERS_TYPED,7616
2022-03-17 10:38:57,635,CHARACTERS_TYPED,7424
2022-03-17 10:44:19,635,CHARACTERS_TYPED,7881
2022-03-17 10:46:12,635,CHARACTERS_TYPED,7975
2022-03-17 10:47:20,635,CHARACTERS_TYPED,8027
2022-03-17 10:43:09,635,CHARACTERS_TYPED,8455
2022-03-17 10:55:43,635,CHARACTERS_TYPED,8791
2022-03-17 10:54:27,635,CHARACTERS_TYPED,8875
2022-03-17 11:00:46,635,CHARACTERS_TYPED,8780
2022-03-17 10:45:56,635,CHARACTERS_TYPED,8939
2022-03-17 10:49:48,635,CHARACTERS_TYPED,9119
2022-03-17 10:55:44,635,CHARACTERS_TYPED,9339
2022-03-17 11:00:54,635,CHARACTERS_TYPED,9385
2022-03-17 10:54:43,635,CHARACTERS_TYPED,9728
2022-03-17 10:51:53,635,CHARACTERS_TYPED,9799
2022-03-17 10:52:55,635,CHARACTERS_TYPED,10003
2022-03-17 10:56:30,635,CHARACTERS_TYPED,9804
2022-03-17 10:57:23,635,CHARACTERS_TYPED,9855
2022-03-17 11:00:52,635,CHARACTERS_TYPED,9907
2022-03-17 10:57:33,635,CHARACTERS_TYPED,9746
2022-03-17 10:52:04,635,CHARACTERS_TYPED,10425
2022-03-17 10:59:25,635,CHARACTERS_TYPED,10434
2022-03-17 11:01:46,635,CHARACTERS_TYPED,10340
2022-03-17 10:59:09,635,CHARACTERS_TYPED,10033
2022-03-17 10:58:58,635,CHARACTERS_TYPED,10633
2022-03-17 10:53:39,635,CHARACTERS_TYPED,10137
2022-03-17 10:56:29,635,CHARACTERS_TYPED,9993
2022-03-17 11:06:11,635,CHARACTERS_TYPED,9757
2022-03-17 10:55:40,635,CHARACTERS_TYPED,9682
2022-03-17 11:07:17,635,CHARACTERS_TYPED,9881
2022-03-17 11:10:36,635,CHARACTERS_TYPED,9864
2022-03-17 11:05:42,635,CHARACTERS_TYPED,10006
2022-03-17 11:04:06,635,CHARACTERS_TYPED,10310
2022-03-17 11:00:47,635,CHARACTERS_TYPED,9964
2022-03-17 11:05:07,635,CHARACTERS_TYPED,10471
2022-03-17 11:09:46,635,CHARACTERS_TYPED,10415
2022-03-17 11:04:39,635,CHARACTERS_TYPED,10121
2022-03-17 11:05:51,635,CHARACTERS_TYPED,10173
2022-03-17 11:08:13,635,CHARACTERS_TYPED,10084
2022-03-17 11:05:08,635,CHARACTERS_TYPED,10422
2022-03-17 11:07:00,635,CHARACTERS_TYPED,10737
2022-03-17 11:16:37,635,CHARACTERS_TYPED,10972
2022-03-17 11:14:34,635,CHARACTERS_TYPED,11023
2022-03-17 11:16:49,635,CHARACTERS_TYPED,11175
2022-03-17 11:15:28,635,CHARACTERS_TYPED,11275
2022-03-17 11:16:00,635,CHARACTERS_TYPED,11326
2022-03-17 11:20:26,635,CHARACTERS_TYPED,11520
2022-03-17 11:13:11,635,CHARACTERS_TYPED,11842
2022-03-17 11:22:19,635,CHARACTERS_TYPED,11889
2022-03-17 11:14:16,635,CHARACTERS_TYPED,12065
2022-03-17 11:21:22,635,CHARACTERS_TYPED,12064
2022-03-17 11:15:54,635,CHARACTERS_TYPED,12002
2022-03-17 11:18:04,635,CHARACTERS_TYPED,12474
2022-03-17 11:21:35,635,CHARACTERS_TYPED,12713
2022-03-17 11:27:23,635,CHARACTERS_TYPED,12317
2022-03-17 11:22:59,635,CHARACTERS_TYPED,12505
2022-03-17 11:26:37,635,CHARACTERS_TYPED,12381
2022-03-17 11:32:23,635,CHARACTERS_TYPED,12635
2022-03-17 11:22:40,635,CHARACTERS_TYPED,12741
2022-03-17 11:36:14,635,CHARACTERS_TYPED,12792
2022-03-17 11:29:36,635,CHARACTERS_TYPED,12844
2022-03-17 11:25:49,635,CHARACTERS_TYPED,12279
2022-03-17 11:29:38,635,CHARACTERS_TYPED,12557
2022-03-17 11:35:59,635,CHARACTERS_TYPED,12454
2022-03-17 11:29:52,635,CHARACTERS_TYPED,12506
2022-03-17 11:20:20,635,CHARACTERS_TYPED,12816
2022-03-17 11:30:32,635,CHARACTERS_TYPED,13130
2022-03-17 11:32:50,635,CHARACTERS_TYPED,13028
2022-03-17 11:33:47,635,CHARACTERS_TYPED,13397
2022-03-17 11:35:34,635,CHARACTERS_TYPED,13536
2022-03-17 11:31:57,635,CHARACTERS_TYPED,13588
2022-03-17 11:32:13,635,CHARACTERS_TYPED,13438
2022-03-17 11:37:08,635,CHARACTERS_TYPED,13556
2022-03-17 11:34:36,635,CHARACTERS_TYPED,13665
2022-03-17 11:39:59,635,CHARACTERS_TYPED,13374
2022-03-17 11:36:50,635,CHARACTERS_TYPED,13490
2022-03-17 11:41:39,635,CHARACTERS_TYPED,13541
2022-03-17 11:30:58,635,CHARACTERS_TYPED,13864
2022-03-17 11:30:24,635,CHARACTERS_TYPED,13937
2022-03-17 11:47:31,635,CHARACTERS_TYPED,13693
2022-03-17 11:40:21,635,CHARACTERS_TYPED,13803
2022-03-17 11:43:12,635,CHARACTERS_TYPED,14243
2022-03-17 11:45:08,635,CHARACTERS_TYPED,14495
2022-03-17 11:45:04,635,CHARACTERS_TYPED,14546
2022-03-17 11:48:14,635,CHARACTERS_TYPED,14394
2022-03-17 11:45:57,635,CHARACTERS_TYPED,14448
2022-03-17 11:47:52,635,CHARACTERS_TYPED,14857
2022-03-17 11:39:34,635,CHARACTERS_TYPED,14930
2022-03-17 11:47:18,635,CHARACTERS_TYPED,14976
2022-03-17 11:41:49,635,CHARACTERS_TYPED,14847
2022-03-17 11:37:45,635,CHARACTERS_TYPED,15139
2022-03-17 11:41:28,635,CHARACTERS_TYPED,15191
2022-03-17 11:41:45,635,CHARACTERS_TYPED,15242
2022-03-17 11:42:30,635,CHARACTERS_TYPED,15331
2022-03-17 11:48:10,635,CHARACTERS_TYPED,15049
2022-03-17 11:44:14,635,CHARACTERS_TYPED,15499
2022-03-17 11:47:19,635,CHARACTERS_TYPED,15574
2022-03-17 11:46:17,635,CHARACTERS_TYPED,15494
2022-03-17 11:54:05,635,CHARACTERS_TYPED,15463
2022-03-17 11:47:51,635,CHARACTERS_TYPED,15491
2022-03-17 11:51:36,635,CHARACTERS_TYPED,15227
2022-03-17 11:51:57,635,CHARACTERS_TYPED,15366
2022-03-17 11:54:50,635,CHARACTERS_TYPED,15088
2022-03-17 11:58:33,635,CHARACTERS_TYPED,15244
2022-03-17 11:54:28,635,CHARACTERS_TYPED,15383
2022-03-17 11:50:40,635,CHARACTERS_TYPED,15646
2022-03-17 11:57:36,635,CHARACTERS_TYPED,15448
2022-03-17 11:55:54,635,CHARACTERS_TYPED,15448
2022-03-17 11:57:07,635,CHARACTERS_TYPED,14948
2022-03-17 12:03:09,635,CHARACTERS_TYPED,15165
2022-03-17 12:02:59,635,CHARACTERS_TYPED,15395
2022-03-17 12:04:44,635,CHARACTERS_TYPED,16089
2022-03-17 12:05:06,635,CHARACTERS_TYPED,16701
2022-03-17 11:54:27,635,CHARACTERS_TYPED,16599
2022-03-17 12:03:16,635,CHARACTERS_TYPED,16113
2022-03-17 12:00:50,635,CHARACTERS_TYPED,16164
2022-03-17 12:07:35,635,CHARACTERS_TYPED,16284
2022-03-17 12:06:13,635,CHARACTERS_TYPED,16336
2022-03-17 12:04:05,635,CHARACTERS_TYPED,16554
2022-03-17 12:10:10,635,CHARACTERS_TYPED,16665
2022-03-17 12:05:59,635,CHARACTERS_TYPED,16933
2022-03-17 12:10:49,635,CHARACTERS_TYPED,17053
2022-03-17 12:14:06,635,CHARACTERS_TYPED,17015
2022-03-17 12:13:20,635,CHARACTERS_TYPED,17042
2022-03-17 12:13:22,635,CHARACTERS_TYPED,16833
2022-03-17 12:18:59,635,CHARACTERS_TYPED,16884
2022-03-17 12:12:14,635,CHARACTERS_TYPED,17273
2022-03-17 12:20:31,635,CHARACTERS_TYPED,17341
2022-03-17 12:10:06,635,CHARACTERS_TYPED,17894
2022-03-17 12:23:40,635,CHARACTERS_TYPED,17946
2022-03-17 12:29:12,635,CHARACTERS_TYPED,18061
2022-03-17 12:17:32,635,CHARACTERS_TYPED,18018
2022-03-17 12:17:10,635,CHARACTERS_TYPED,18070
2022-03-17 12:14:15,635,CHARACTERS_TYPED,17969
2022-03-17 12:23:17,635,CHARACTERS_TYPED,17777
2022-03-17 12:16:42,635,CHARACTERS_TYPED,18006
2022-03-17 12:19:33,635,CHARACTERS_TYPED,18058
2022-03-17 12:22:52,635,CHARACTERS_TYPED,17946
2022-03-17 12:28:48,635,CHARACTERS_TYPED,17860
2022-03-17 08:40:00,933,CHARACTERS_TYPED,85
2022-03-17 08:37:29,933,CHARACTERS_TYPED,562
2022-03-17 08:38:11,933,CHARACTERS_TYPED,560
2022-03-17 08:31:01,933,CHARACTERS_TYPED,407
2022-03-17 08:33:05,933,CHARACTERS_TYPED,298
2022-03-17 08:32:59,933,CHARACTERS_TYPED,1174
2022-03-17 08:33:39,933,CHARACTERS_TYPED,1403
2022-03-17 08:42:17,933,CHARACTERS_TYPED,1031
2022-03-17 08:27:59,933,CHARACTERS_TYPED,846
2022-03-17 08:33:08,933,CHARACTERS_TYPED,1120
2022-03-17 08:38:51,933,CHARACTERS_TYPED,1003
2022-03-17 08:39:57,933,CHARACTERS_TYPED,703
2022-03-17 08:41:37,933,CHARACTERS_TYPED,52
2022-03-17 08:42:25,933,CHARACTERS_TYPED,265
2022-03-17 08:37:02,933,CHARACTERS_TYPED,316
2022-03-17 08:38:04,933,CHARACTERS_TYPED,451
2022-03-17 08:51:27,933,CHARACTERS_TYPED,437
2022-03-17 08:46:10,933,CHARACTERS_TYPED,722
2022-03-17 08:42:22,933,CHARACTERS_TYPED,417
2022-03-17 08:47:08,933,CHARACTERS_TYPED,118
2022-03-17 08:55:46,933,CHARACTERS_TYPED,241
2022-03-17 08:43:04,933,CHARACTERS_TYPED,506
2022-03-17 08:43:34,933,CHARACTERS_TYPED,207
2022-03-17 08:44:44,933,CHARACTERS_TYPED,38
2022-03-17 08:44:48,933,CHARACTERS_TYPED,0
2022-03-17 08:39:45,933,CHARACTERS_TYPED,0
2022-03-17 08:48:39,933,CHARACTERS_TYPED,0
2022-03-17 08:51:49,933,CHARACTERS_TYPED,0
2022-03-17 08:49:43,933,CHARACTERS_TYPED,103
2022-03-17 08:50:57,933,CHARACTERS_TYPED,155
2022-03-17 08:48:11,933,CHARACTERS_TYPED,0
2022-03-17 08:47:24,933,CHARACTERS_TYPED,0
2022-03-17 08:46:01,933,CHARACTERS_TYPED,0
2022-03-17 08:49:49,933,CHARACTERS_TYPED,0
2022-03-17 08:46:03,933,CHARACTERS_TYPED,0
2022-03-17 08:51:02,933,CHARACTERS_TYPED,0
2022-03-17 08:59:31,933,CHARACTERS_TYPED,0
2022-03-17 08:56:04,933,CHARACTERS_TYPED,0
2022-03-17 08:52:57,933,CHARACTERS_TYPED,0
2022-03-17 08:47:48,933,CHARACTERS_TYPED,0
2022-03-17 08:51:02,933,CHARACTERS_TYPED,0
2022-03-17 08:51:34,933,CHARACTERS_TYPED,0
2022-03-17 08:55:36,933,CHARACTERS_TYPED,0
2022-03-17 08:54:54,933,CHARACTERS_TYPED,0
2022-03-17 09:00:27,933,CHARACTERS_TYPED,0
2022-03-17 08:57:28,933,CHARACTERS_TYPED,0
2022-03-17 09:06:27,933,CHARACTERS_TYPED,0
2022-03-17 09:04:11,933,CHARACTERS_TYPED,0
2022-03-17 09:03:22,933,CHARACTERS_TYPED,0
2022-03-17 09:05:58,933,CHARACTERS_TYPED,0
2022-03-17 09:00:27,933,CHARACTERS_TYPED,0
2022-03-17 09:04:49,933,CHARACTERS_TYPED,0
2022-03-17 09:12:33,933,CHARACTERS_TYPED,0
2022-03-17 09:12:37,933,CHARACTERS_TYPED,0
2022-03-17 09:05:50,933,CHARACTERS_TYPED,80
2022-03-17 09:19:29,933,CHARACTERS_TYPED,271
2022-03-17 09:07:02,933,CHARACTERS_TYPED,705
2022-03-17 09:11:29,933,CHARACTERS_TYPED,732
2022-03-17 09:11:58,933,CHARACTERS_TYPED,605
2022-03-17 09:06:15,933,CHARACTERS_TYPED,794
2022-03-17 09:14:24,933,CHARACTERS_TYPED,845
2022-03-17 09:18:05,933,CHARACTERS_TYPED,762
2022-03-17 09:07:01,933,CHARACTERS_TYPED,750
2022-03-17 09:14:20,933,CHARACTERS_TYPED,148
2022-03-17 09:11:21,933,CHARACTERS_TYPED,200
2022-03-17 09:18:36,933,CHARACTERS_TYPED,451
2022-03-17 09:16:35,933,CHARACTERS_TYPED,128
2022-03-17 09:10:41,933,CHARACTERS_TYPED,588
2022-03-17 09:10:54,933,CHARACTERS_TYPED,861
2022-03-17 09:13:32,933,CHARACTERS_TYPED,912
2022-03-17 09:20:19,933,CHARACTERS_TYPED,1342
2022-03-17 09:22:04,933,CHARACTERS_TYPED,1625
2022-03-17 09:20:15,933,CHARACTERS_TYPED,1486
2022-03-17 09:11:36,933,CHARACTERS_TYPED,1538
2022-03-17 09:26:37,933,CHARACTERS_TYPED,1452
2022-03-17 09:21:45,933,CHARACTERS_TYPED,1585
2022-03-17 09:21:51,933,CHARACTERS_TYPED,2103
2022-03-17 09:13:06,933,CHARACTERS_TYPED,2403
2022-03-17 09:15:38,933,CHARACTERS_TYPED,2617
2022-03-17 09:22:31,933,CHARACTERS_TYPED,2669
2022-03-17 09:22:41,933,CHARACTERS_TYPED,3276
2022-03-17 09:21:51,933,CHARACTERS_TYPED,3073
2022-03-17 09:19:12,933,CHARACTERS_TYPED,3471
2022-03-17 09:28:28,933,CHARACTERS_TYPED,3641
2022-03-17 09:20:31,933,CHARACTERS_TYPED,3860
2022-03-17 09:25:11,933,CHARACTERS_TYPED,3802
2022-03-17 09:25:42,933,CHARACTERS_TYPED,4119
2022-03-17 09:33:27,933,CHARACTERS_TYPED,4363
2022-03-17 09:33:09,933,CHARACTERS_TYPED,4414
2022-03-17 09:27:52,933,CHARACTERS_TYPED,4350
2022-03-17 09:28:22,933,CHARACTERS_TYPED,4189
2022-03-17 09:34:35,933,CHARACTERS_TYPED,4285
2022-03-17 09:32:06,933,CHARACTERS_TYPED,4389
2022-03-17 09:39:26,933,CHARACTERS_TYPED,4574
2022-03-17 09:30:40,933,CHARACTERS_TYPED,4385
2022-03-17 09:40:26,933,CHARACTERS_TYPED,4281
2022-03-17 09:41:26,933,CHARACTERS_TYPED,4651
2022-03-17 09:43:24,933,CHARACTERS_TYPED,4975
2022-03-17 09:43:12,933,CHARACTERS_TYPED,4788
2022-03-17 09:42:17,933,CHARACTERS_TYPED,5183
2022-03-17 09:42:18,933,CHARACTERS_TYPED,5229
2022-03-17 09:42:07,933,CHARACTERS_TYPED,5754
2022-03-17 09:39:18,933,CHARACTERS_TYPED,5824
2022-03-17 09:50:21,933,CHARACTERS_TYPED,5875
2022-03-17 09:45:52,933,CHARACTERS_TYPED,6324
2022-03-17 09:47:39,933,CHARACTERS_TYPED,6736
2022-03-17 09:42:53,933,CHARACTERS_TYPED,6666
2022-03-17 09:46:26,933,CHARACTERS_TYPED,6717
2022-03-17 09:57:13,933,CHARACTERS_TYPED,6316
2022-03-17 09:45:18,933,CHARACTERS_TYPED,6335
2022-03-17 09:55:10,933,CHARACTERS_TYPED,6387
2022-03-17 09:51:11,933,CHARACTERS_TYPED,6802
2022-03-17 09:48:11,933,CHARACTERS_TYPED,7280
2022-03-17 09:59:10,933,CHARACTERS_TYPED,7105
2022-03-17 09:54:45,933,CHARACTERS_TYPED,6918
2022-03-17 09:53:45,933,CHARACTERS_TYPED,6980
2022-03-17 09:55:10,933,CHARACTERS_TYPED,7434
2022-03-17 10:06:53,933,CHARACTERS_TYPED,7390
2022-03-17 10:01:18,933,CHARACTERS_TYPED,7229
2022-03-17 10:04:00,933,CHARACTERS_TYPED,7280
2022-03-17 10:02:43,933,CHARACTERS_TYPED,7332
2022-03-17 09:58:02,933,CHARACTERS_TYPED,7602
2022-03-17 10:00:06,933,CHARACTERS_TYPED,8124
2022-03-17 09:54:30,933,CHARACTERS_TYPED,8191
2022-03-17 10:01:25,933,CHARACTERS_TYPED,8347
2022-03-17 10:08:33,933,CHARACTERS_TYPED,8720
2022-03-17 10:09:44,933,CHARACTERS_TYPED,8755
2022-03-17 10:02:52,933,CHARACTERS_TYPED,8846
2022-03-17 10:00:45,933,CHARACTERS_TYPED,9312
2022-03-17 10:16:41,933,CHARACTERS_TYPED,9271
2022-03-17 09:58:39,933,CHARACTERS_TYPED,9375
2022-03-17 10:15:36,933,CHARACTERS_TYPED,9328
2022-03-17 10:12:09,933,CHARACTERS_TYPED,9380
2022-03-17 10:15:02,933,CHARACTERS_TYPED,9565
2022-03-17 10:11:09,933,CHARACTERS_TYPED,9552
2022-03-17 10:05:25,933,CHARACTERS_TYPED,9152
2022-03-17 10:16:24,933,CHARACTERS_TYPED,8899
2022-03-17 10:13:52,933,CHARACTERS_TYPED,9220
2022-03-17 10:11:50,933,CHARACTERS_TYPED,9271
2022-03-17 10:14:52,933,CHARACTERS_TYPED,9550
2022-03-17 10:13:04,933,CHARACTERS_TYPED,9601
2022-03-17 10:17:40,933,CHARACTERS_TYPED,9831
2022-03-17 10:26:21,933,CHARACTERS_TYPED,9865
2022-03-17 10:22:10,933,CHARACTERS_TYPED,9917
2022-03-17 10:19:49,933,CHARACTERS_TYPED,9968
2022-03-17 10:23:54,933,CHARACTERS_TYPED,9981
2022-03-17 10:23:45,933,CHARACTERS_TYPED,9863
2022-03-17 10:22:45,933,CHARACTERS_TYPED,9795
2022-03-17 10:26:09,933,CHARACTERS_TYPED,10281
2022-03-17 10:23:08,933,CHARACTERS_TYPED,10610
2022-03-17 10:26:22,933,CHARACTERS_TYPED,11037
2022-03-17 10:18:58,933,CHARACTERS_TYPED,11160
2022-03-17 10:22:28,933,CHARACTERS_TYPED,11745
2022-03-17 10:29:55,933,CHARACTERS_TYPED,11796
2022-03-17 10:24:24,933,CHARACTERS_TYPED,11846
2022-03-17 10:26:11,933,CHARACTERS_TYPED,12089
2022-03-17 10:29:46,933,CHARACTERS_TYPED,11880
2022-03-17 10:29:57,933,CHARACTERS_TYPED,12153
2022-03-17 10:36:32,933,CHARACTERS_TYPED,11946
2022-03-17 10:32:07,933,CHARACTERS_TYPED,11763
2022-03-17 10:31:19,933,CHARACTERS_TYPED,11984
2022-03-17 10:32:39,933,CHARACTERS_TYPED,11957
2022-03-17 10:38:01,933,CHARACTERS_TYPED,12223
2022-03-17 10:33:13,933,CHARACTERS_TYPED,12567
2022-03-17 10:33:58,933,CHARACTERS_TYPED,12619
2022-03-17 10:29:20,933,CHARACTERS_TYPED,12767
2022-03-17 10:32:07,933,CHARACTERS_TYPED,12612
2022-03-17 10:31:59,933,CHARACTERS_TYPED,12893
2022-03-17 10:39:34,933,CHARACTERS_TYPED,12607
2022-03-17 10:38:55,933,CHARACTERS_TYPED,12609
2022-03-17 10:40:07,933,CHARACTERS_TYPED,12726
2022-03-17 10:44:59,933,CHARACTERS_TYPED,12574
2022-03-17 10:42:00,933,CHARACTERS_TYPED,12211
2022-03-17 10:39:46,933,CHARACTERS_TYPED,12593
2022-03-17 10:45:40,933,CHARACTERS_TYPED,12924
2022-03-17 10:39:04,933,CHARACTERS_TYPED,12996
2022-03-17 10:40:30,933,CHARACTERS_TYPED,13375
2022-03-17 10:43:28,933,CHARACTERS_TYPED,13516
2022-03-17 10:43:16,933,CHARACTERS_TYPED,13665
2022-03-17 10:47:04,933,CHARACTERS_TYPED,13959
2022-03-17 10:43:46,933,CHARACTERS_TYPED,13821
2022-03-17 10:41:16,933,CHARACTERS_TYPED,13663
2022-03-17 10:40:39,933,CHARACTERS_TYPED,13753
2022-03-17 10:40:14,933,CHARACTERS_TYPED,13531
2022-03-17 10:49:39,933,CHARACTERS_TYPED,13230
2022-03-17 10:46:33,933,CHARACTERS_TYPED,13524
2022-03-17 10:50:33,933,CHARACTERS_TYPED,13761
2022-03-17 10:50:53,933,CHARACTERS_TYPED,13813
2022-03-17 10:54:23,933,CHARACTERS_TYPED,13864
2022-03-17 10:52:55,933,CHARACTERS_TYPED,14138
2022-03-17 10:52:10,933,CHARACTERS_TYPED,14096
2022-03-17 10:45:06,933,CHARACTERS_TYPED,13873
2022-03-17 10:57:44,933,CHARACTERS_TYPED,13925
2022-03-17 10:58:18,933,CHARACTERS_TYPED,13392
2022-03-17 10:57:56,933,CHARACTERS_TYPED,13315
2022-03-17 10:58:31,933,CHARACTERS_TYPED,13366
2022-03-17 11:02:03,933,CHARACTERS_TYPED,13291
2022-03-17 11:04:06,933,CHARACTERS_TYPED,13272
2022-03-17 11:03:19,933,CHARACTERS_TYPED,13483
2022-03-17 11:06:14,933,CHARACTERS_TYPED,13620
2022-03-17 10:55:17,933,CHARACTERS_TYPED,13993
2022-03-17 10:58:37,933,CHARACTERS_TYPED,13810
2022-03-17 11:08:28,933,CHARACTERS_TYPED,13993
2022-03-17 11:04:50,933,CHARACTERS_TYPED,13892
2022-03-17 11:10:32,933,CHARACTERS_TYPED,13692
2022-03-17 11:08:06,933,CHARACTERS_TYPED,13459
2022-03-17 11:07:10,933,CHARACTERS_TYPED,13316
2022-03-17 11:15:37,933,CHARACTERS_TYPED,13516
2022-03-17 11:11:46,933,CHARACTERS_TYPED,14184
2022-03-17 11:07:44,933,CHARACTERS_TYPED,14236
2022-03-17 11:20:37,933,CHARACTERS_TYPED,14228
2022-03-17 11:14:46,933,CHARACTERS_TYPED,14083
2022-03-17 11:13:15,933,CHARACTERS_TYPED,13825
2022-03-17 11:08:52,933,CHARACTERS_TYPED,14070
2022-03-17 11:07:27,933,CHARACTERS_TYPED,14602
2022-03-17 11:07:18,933,CHARACTERS_TYPED,14591
2022-03-17 11:10:47,933,CHARACTERS_TYPED,14801
2022-03-17 11:18:35,933,CHARACTERS_TYPED,15013
2022-03-17 11:12:13,933,CHARACTERS_TYPED,14856
2022-03-17 11:13:44,933,CHARACTERS_TYPED,14597
2022-03-17 11:17:55,933,CHARACTERS_TYPED,14126
2022-03-17 11:14:16,933,CHARACTERS_TYPED,14030
2022-03-17 11:21:36,933,CHARACTERS_TYPED,13946
2022-03-17 11:21:01,933,CHARACTERS_TYPED,13920
2022-03-17 11:21:53,933,CHARACTERS_TYPED,13971
2022-03-17 11:25:32,933,CHARACTERS_TYPED,14023
2022-03-17 11:23:05,933,CHARACTERS_TYPED,13301
2022-03-17 11:13:45,933,CHARACTERS_TYPED,13923
2022-03-17 11:24:19,933,CHARACTERS_TYPED,14452
2022-03-17 11:23:05,933,CHARACTERS_TYPED,14635
2022-03-17 11:11:41,933,CHARACTERS_TYPED,14670
2022-03-17 11:20:38,933,CHARACTERS_TYPED,14674
2022-03-17 11:22:51,933,CHARACTERS_TYPED,14231
2022-03-17 11:25:17,933,CHARACTERS_TYPED,14390
2022-03-17 11:25:38,933,CHARACTERS_TYPED,14554
2022-03-17 11:33:07,933,CHARACTERS_TYPED,14630
2022-03-17 11:27:19,933,CHARACTERS_TYPED,14879
2022-03-17 11:34:44,933,CHARACTERS_TYPED,15085
2022-03-17 11:34:38,933,CHARACTERS_TYPED,14954
2022-03-17 11:34:06,933,CHARACTERS_TYPED,15230
2022-03-17 11:34:32,933,CHARACTERS_TYPED,15282
2022-03-17 11:26:06,933,CHARACTERS_TYPED,15102
2022-03-17 11:31:38,933,CHARACTERS_TYPED,15270
2022-03-17 11:29:18,933,CHARACTERS_TYPED,15322
2022-03-17 11:31:57,933,CHARACTERS_TYPED,15401
2022-03-17 11:40:02,933,CHARACTERS_TYPED,15095
2022-03-17 11:30:11,933,CHARACTERS_TYPED,15778
2022-03-17 11:42:41,933,CHARACTERS_TYPED,15993
2022-03-17 11:33:40,933,CHARACTERS_TYPED,15904
2022-03-17 11:28:28,933,CHARACTERS_TYPED,15724
2022-03-17 11:36:51,933,CHARACTERS_TYPED,15609
2022-03-17 11:33:00,933,CHARACTERS_TYPED,15892
2022-03-17 11:42:42,933,CHARACTERS_TYPED,15921
2022-03-17 11:39:23,933,CHARACTERS_TYPED,15860
2022-03-17 11:36:19,933,CHARACTERS_TYPED,16041
2022-03-17 11:47:37,933,CHARACTERS_TYPED,15961
2022-03-17 11:37:39,933,CHARACTERS_TYPED,15792
2022-03-17 11:41:16,933,CHARACTERS_TYPED,15868
2022-03-17 11:48:30,933,CHARACTERS_TYPED,15936
2022-03-17 11:46:10,933,CHARACTERS_TYPED,15908
2022-03-17 11:55:32,933,CHARACTERS_TYPED,15927
2022-03-17 11:49:05,933,CHARACTERS_TYPED,16239
2022-03-17 11:52:36,933,CHARACTERS_TYPED,16326
2022-03-17 11:58:31,933,CHARACTERS_TYPED,16251
2022-03-17 11:49:48,933,CHARACTERS_TYPED,16002
2022-03-17 11:52:43,933,CHARACTERS_TYPED,16277
2022-03-17 11:48:43,933,CHARACTERS_TYPED,16554
2022-03-17 11:58:08,933,CHARACTERS_TYPED,16606
2022-03-17 11:54:33,933,CHARACTERS_TYPED,16749
2022-03-17 11:59:03,933,CHARACTERS_TYPED,16800
2022-03-17 12:01:22,933,CHARACTERS_TYPED,16216
2022-03-17 12:14:06,933,CHARACTERS_TYPED,16284
2022-03-17 12:03:06,933,CHARACTERS_TYPED,16683
2022-03-17 12:04:30,933,CHARACTERS_TYPED,16934
2022-03-17 11:57:08,933,CHARACTERS_TYPED,16986
2022-03-17 12:06:45,933,CHARACTERS_TYPED,17172
2022-03-17 12:06:45,933,CHARACTERS_TYPED,16981
2022-03-17 12:05:27,933,CHARACTERS_TYPED,16830
2022-03-17 12:06:09,933,CHARACTERS_TYPED,17145
2022-03-17 12:03:26,933,CHARACTERS_TYPED,16842
2022-03-17 12:01:49,933,CHARACTERS_TYPED,17090
2022-03-17 12:04:48,933,CHARACTERS_TYPED,17088
2022-03-17 12:04:33,933,CHARACTERS_TYPED,17373
2022-03-17 12:10:06,933,CHARACTERS_TYPED,17330
2022-03-17 12:04:27,933,CHARACTERS_TYPED,17452
2022-03-17 12:08:34,933,CHARACTERS_TYPED,17515
2022-03-17 12:05:34,933,CHARACTERS_TYPED,17567
2022-03-17 12:11:46,933,CHARACTERS_TYPED,17648
2022-03-17 12:07:19,933,CHARACTERS_TYPED,17699
2022-03-17 12:21:55,933,CHARACTERS_TYPED,17751
2022-03-17 12:19:04,933,CHARACTERS_TYPED,17776
2022-03-17 12:15:59,933,CHARACTERS_TYPED,18127
2022-03-17 12:14:30,933,CHARACTERS_TYPED,17830
2022-03-17 12:17:09,933,CHARACTERS_TYPED,17882
2022-03-17 12:21:38,933,CHARACTERS_TYPED,17844
2022-03-17 12:25:26,933,CHARACTERS_TYPED,17831
2022-03-17 12:25:00,933,CHARACTERS_TYPED,17727
2022-03-17 12:27:57,933,CHARACTERS_TYPED,17713
2022-03-17 12:09:45,933,CHARACTERS_TYPED,18044
2022-03-17 12:28:25,933,CHARACTERS_TYPED,18096
2022-03-17 12:18:05,933,CHARACTERS_TYPED,18319
2022-03-17 12:27:29,933,CHARACTERS_TYPED,18168
2022-03-17 12:26:08,933,CHARACTERS_TYPED,18238
2022-03-17 12:25:16,933,CHARACTERS_TYPED,18290
2022-03-17 12:31:09,933,CHARACTERS_TYPED,18205
2022-03-17 12:29:02,933,CHARACTERS_TYPED,18533
2022-03-17 12:31:38,933,CHARACTERS_TYPED,18612
2022-03-17 12:47:12,933,CHARACTERS_TYPED,18931
2022-03-17 12:33:29,933,CHARACTERS_TYPED,19115
2022-03-17 12:41:52,933,CHARACTERS_TYPED,19186
2022-03-17 12:35:34,933,CHARACTERS_TYPED,19555
2022-03-17 12:41:23,933,CHARACTERS_TYPED,19406
2022-03-17 12:26:59,933,CHARACTERS_TYPED,19232
2022-03-17 12:40:11,933,CHARACTERS_TYPED,19341
2022-03-17 12:36:46,933,CHARACTERS_TYPED,19577
2022-03-17 12:46:27,933,CHARACTERS_TYPED,19256
2022-03-17 12:44:58,933,CHARACTERS_TYPED,19217
2022-03-17 12:47:09,933,CHARACTERS_TYPED,19333
2022-03-17 12:41:11,933,CHARACTERS_TYPED,19394
2022-03-17 12:41:09,933,CHARACTERS_TYPED,19290
2022-03-17 12:48:33,933,CHARACTERS_TYPED,19464
2022-03-17 12:41:55,933,CHARACTERS_TYPED,19574
2022-03-17 12:44:35,933,CHARACTERS_TYPED,19626
2022-03-17 12:49:34,933,CHARACTERS_TYPED,19115
2022-03-17 12:34:17,933,CHARACTERS_TYPED,19167
2022-03-17 12:45:03,933,CHARACTERS_TYPED,19581
2022-03-17 12:46:08,933,CHARACTERS_TYPED,19983
2022-03-17 12:46:17,933,CHARACTERS_TYPED,20267
2022-03-17 12:31:59,933,CHARACTERS_TYPED,20318
2022-03-17 12:44:16,933,CHARACTERS_TYPED,20473
2022-03-17 12:46:54,933,CHARACTERS_TYPED,20205
2022-03-17 12:50:08,933,CHARACTERS_TYPED,19751
2022-03-17 12:47:21,933,CHARACTERS_TYPED,19674
2022-03-17 12:52:46,933,CHARACTERS_TYPED,20400
2022-03-17 12:57:54,933,CHARACTERS_TYPED,20199
2022-03-17 12:57:29,933,CHARACTERS_TYPED,20005
2022-03-17 12:52:28,933,CHARACTERS_TYPED,20510
2022-03-17 12:55:34,933,CHARACTERS_TYPED,20431
2022-03-17 08:40:00,979,CHARACTERS_TYPED,51
2022-03-17 08:19:49,979,CHARACTERS_TYPED,103
2022-03-17 08:43:49,979,CHARACTERS_TYPED,0
2022-03-17 08:34:48,979,CHARACTERS_TYPED,0
2022-03-17 08:33:33,979,CHARACTERS_TYPED,0
2022-03-17 08:43:00,979,CHARACTERS_TYPED,0
2022-03-17 08:38:13,979,CHARACTERS_TYPED,0
2022-03-17 08:45:35,979,CHARACTERS_TYPED,0
2022-03-17 08:39:04,979,CHARACTERS_TYPED,0
2022-03-17 08:40:08,979,CHARACTERS_TYPED,0
2022-03-17 08:49:16,979,CHARACTERS_TYPED,0
2022-03-17 08:44:46,979,CHARACTERS_TYPED,261
2022-03-17 08:44:40,979,CHARACTERS_TYPED,728
2022-03-17 08:45:52,979,CHARACTERS_TYPED,645
2022-03-17 08:38:53,979,CHARACTERS_TYPED,318
2022-03-17 08:44:06,979,CHARACTERS_TYPED,361
2022-03-17 08:42:24,979,CHARACTERS_TYPED,203
2022-03-17 08:38:23,979,CHARACTERS_TYPED,0
2022-03-17 08:47:48,979,CHARACTERS_TYPED,51
2022-03-17 08:40:19,979,CHARACTERS_TYPED,830
2022-03-17 08:42:20,979,CHARACTERS_TYPED,1302
2022-03-17 08:45:08,979,CHARACTERS_TYPED,1410
2022-03-17 08:53:19,979,CHARACTERS_TYPED,1163
2022-03-17 08:53:26,979,CHARACTERS_TYPED,1158
2022-03-17 08:46:44,979,CHARACTERS_TYPED,1199
2022-03-17 08:50:30,979,CHARACTERS_TYPED,1009
2022-03-17 08:52:09,979,CHARACTERS_TYPED,916
2022-03-17 08:58:39,979,CHARACTERS_TYPED,967
2022-03-17 08:52:55,979,CHARACTERS_TYPED,840
2022-03-17 08:56:06,979,CHARACTERS_TYPED,971
2022-03-17 09:01:27,979,CHARACTERS_TYPED,1205
2022-03-17 08:54:06,979,CHARACTERS_TYPED,1328
2022-03-17 08:50:31,979,CHARACTERS_TYPED,1450
2022-03-17 08:52:04,979,CHARACTERS_TYPED,600
2022-03-17 08:59:44,979,CHARACTERS_TYPED,948
2022-03-17 08:50:50,979,CHARACTERS_TYPED,852
2022-03-17 09:00:45,979,CHARACTERS_TYPED,458
2022-03-17 08:54:32,979,CHARACTERS_TYPED,1229
2022-03-17 08:53:40,979,CHARACTERS_TYPED,1326
2022-03-17 09:07:14,979,CHARACTERS_TYPED,1146
2022-03-17 08:53:39,979,CHARACTERS_TYPED,1391
2022-03-17 08:57:06,979,CHARACTERS_TYPED,1954
2022-03-17 08:57:29,979,CHARACTERS_TYPED,2155
2022-03-17 09:04:41,979,CHARACTERS_TYPED,1953
2022-03-17 08:59:54,979,CHARACTERS_TYPED,2086
2022-03-17 09:06:47,979,CHARACTERS_TYPED,1739
2022-03-17 09:14:36,979,CHARACTERS_TYPED,1525
2022-03-17 09:19:43,979,CHARACTERS_TYPED,2248
2022-03-17 09:05:57,979,CHARACTERS_TYPED,2260
2022-03-17 09:10:41,979,CHARACTERS_TYPED,2311
2022-03-17 09:12:23,979,CHARACTERS_TYPED,2853
2022-03-17 09:09:03,979,CHARACTERS_TYPED,2633
2022-03-17 09:10:42,979,CHARACTERS_TYPED,2170
2022-03-17 09:09:18,979,CHARACTERS_TYPED,2085
2022-03-17 09:08:52,979,CHARACTERS_TYPED,2191
2022-03-17 09:16:31,979,CHARACTERS_TYPED,2150
2022-03-17 09:19:16,979,CHARACTERS_TYPED,2322
2022-03-17 09:20:05,979,CHARACTERS_TYPED,2384
2022-03-17 09:17:44,979,CHARACTERS_TYPED,2435
2022-03-17 09:24:03,979,CHARACTERS_TYPED,2327
2022-03-17 09:17:49,979,CHARACTERS_TYPED,2590
2022-03-17 09:20:24,979,CHARACTERS_TYPED,2538
2022-03-17 09:15:13,979,CHARACTERS_TYPED,2811
2022-03-17 09:15:47,979,CHARACTERS_TYPED,2450
2022-03-17 09:13:36,979,CHARACTERS_TYPED,2706
2022-03-17 09:24:44,979,CHARACTERS_TYPED,2489
2022-03-17 09:19:08,979,CHARACTERS_TYPED,2214
2022-03-17 09:24:19,979,CHARACTERS_TYPED,2681
2022-03-17 09:19:25,979,CHARACTERS_TYPED,2511
2022-03-17 09:24:24,979,CHARACTERS_TYPED,2572
2022-03-17 09:23:03,979,CHARACTERS_TYPED,2359
2022-03-17 09:24:33,979,CHARACTERS_TYPED,2309
2022-03-17 09:26:53,979,CHARACTERS_TYPED,1997
2022-03-17 09:17:04,979,CHARACTERS_TYPED,1604
2022-03-17 09:13:13,979,CHARACTERS_TYPED,1979
2022-03-17 09:29:07,979,CHARACTERS_TYPED,1952
2022-03-17 09:18:14,979,CHARACTERS_TYPED,2141
2022-03-17 09:32:55,979,CHARACTERS_TYPED,2521
2022-03-17 09:25:01,979,CHARACTERS_TYPED,2901
2022-03-17 09:39:34,979,CHARACTERS_TYPED,2971
2022-03-17 09:26:50,979,CHARACTERS_TYPED,3074
2022-03-17 09:35:40,979,CHARACTERS_TYPED,3278
2022-03-17 09:27:14,979,CHARACTERS_TYPED,3382
2022-03-17 09:29:30,979,CHARACTERS_TYPED,3434
2022-03-17 09:30:45,979,CHARACTERS_TYPED,3559
2022-03-17 09:26:44,979,CHARACTERS_TYPED,4132
2022-03-17 09:34:56,979,CHARACTERS_TYPED,3696
2022-03-17 09:38:15,979,CHARACTERS_TYPED,3507
2022-03-17 09:36:31,979,CHARACTERS_TYPED,3365
2022-03-17 09:29:46,979,CHARACTERS_TYPED,3278
2022-03-17 09:30:43,979,CHARACTERS_TYPED,3379
2022-03-17 09:25:58,979,CHARACTERS_TYPED,3722
2022-03-17 09:28:36,979,CHARACTERS_TYPED,3774
2022-03-17 09:39:16,979,CHARACTERS_TYPED,3640
2022-03-17 09:43:40,979,CHARACTERS_TYPED,3473
2022-03-17 09:30:57,979,CHARACTERS_TYPED,3366
2022-03-17 09:45:09,979,CHARACTERS_TYPED,3401
2022-03-17 09:44:55,979,CHARACTERS_TYPED,3371
2022-03-17 09:42:13,979,CHARACTERS_TYPED,3617
2022-03-17 09:45:18,979,CHARACTERS_TYPED,3795
2022-03-17 09:39:56,979,CHARACTERS_TYPED,4022
2022-03-17 09:45:13,979,CHARACTERS_TYPED,4020
2022-03-17 09:55:26,979,CHARACTERS_TYPED,4078
2022-03-17 09:49:46,979,CHARACTERS_TYPED,4283
2022-03-17 09:37:47,979,CHARACTERS_TYPED,4515
2022-03-17 09:52:47,979,CHARACTERS_TYPED,4597
2022-03-17 09:45:49,979,CHARACTERS_TYPED,4648
2022-03-17 09:47:56,979,CHARACTERS_TYPED,4659
2022-03-17 09:44:32,979,CHARACTERS_TYPED,4416
2022-03-17 09:41:34,979,CHARACTERS_TYPED,4649
2022-03-17 09:46:06,979,CHARACTERS_TYPED,4835
2022-03-17 10:01:45,979,CHARACTERS_TYPED,5354
2022-03-17 09:44:10,979,CHARACTERS_TYPED,5452
2022-03-17 09:52:01,979,CHARACTERS_TYPED,5567
2022-03-17 09:50:12,979,CHARACTERS_TYPED,5658
2022-03-17 09:48:12,979,CHARACTERS_TYPED,5709
2022-03-17 09:49:29,979,CHARACTERS_TYPED,5842
2022-03-17 09:54:26,979,CHARACTERS_TYPED,5661
2022-03-17 09:59:25,979,CHARACTERS_TYPED,5606
2022-03-17 09:51:35,979,CHARACTERS_TYPED,5741
2022-03-17 10:00:28,979,CHARACTERS_TYPED,6021
2022-03-17 09:57:36,979,CHARACTERS_TYPED,5941
2022-03-17 09:57:24,979,CHARACTERS_TYPED,6398
2022-03-17 09:59:58,979,CHARACTERS_TYPED,6328
2022-03-17 09:50:45,979,CHARACTERS_TYPED,6712
2022-03-17 09:59:26,979,CHARACTERS_TYPED,7296
2022-03-17 09:58:19,979,CHARACTERS_TYPED,7879
2022-03-17 09:57:16,979,CHARACTERS_TYPED,7931
2022-03-17 09:58:09,979,CHARACTERS_TYPED,7982
2022-03-17 09:58:19,979,CHARACTERS_TYPED,7759
2022-03-17 09:58:21,979,CHARACTERS_TYPED,8173
2022-03-17 10:06:47,979,CHARACTERS_TYPED,8283
2022-03-17 09:50:33,979,CHARACTERS_TYPED,8388
2022-03-17 10:04:12,979,CHARACTERS_TYPED,8439
2022-03-17 09:56:09,979,CHARACTERS_TYPED,8491
2022-03-17 10:06:20,979,CHARACTERS_TYPED,8463
2022-03-17 10:03:53,979,CHARACTERS_TYPED,8397
2022-03-17 10:06:20,979,CHARACTERS_TYPED,8230
2022-03-17 10:05:15,979,CHARACTERS_TYPED,8255
2022-03-17 10:02:51,979,CHARACTERS_TYPED,8148
2022-03-17 10:10:25,979,CHARACTERS_TYPED,8252
2022-03-17 10:06:10,979,CHARACTERS_TYPED,8067
2022-03-17 10:13:46,979,CHARACTERS_TYPED,8119
2022-03-17 10:15:52,979,CHARACTERS_TYPED,8170
2022-03-17 10:11:04,979,CHARACTERS_TYPED,8122
2022-03-17 10:09:08,979,CHARACTERS_TYPED,8036
2022-03-17 10:09:19,979,CHARACTERS_TYPED,8271
2022-03-17 10:18:17,979,CHARACTERS_TYPED,8105
2022-03-17 10:16:53,979,CHARACTERS_TYPED,8278
2022-03-17 10:26:48,979,CHARACTERS_TYPED,8610
2022-03-17 10:20:16,979,CHARACTERS_TYPED,8538
2022-03-17 10:23:21,979,CHARACTERS_TYPED,8321
2022-03-17 10:23:01,979,CHARACTERS_TYPED,8836
2022-03-17 10:12:26,979,CHARACTERS_TYPED,9060
2022-03-17 10:19:52,979,CHARACTERS_TYPED,9572
2022-03-17 10:24:00,979,CHARACTERS_TYPED,9768
2022-03-17 10:26:06,979,CHARACTERS_TYPED,9820
2022-03-17 10:20:34,979,CHARACTERS_TYPED,9718
2022-03-17 10:29:39,979,CHARACTERS_TYPED,10234
2022-03-17 10:23:39,979,CHARACTERS_TYPED,10269
2022-03-17 10:28:31,979,CHARACTERS_TYPED,10449
2022-03-17 10:34:45,979,CHARACTERS_TYPED,10501
2022-03-17 10:32:47,979,CHARACTERS_TYPED,10419
2022-03-17 10:32:54,979,CHARACTERS_TYPED,10321
2022-03-17 10:34:10,979,CHARACTERS_TYPED,9864
2022-03-17 10:36:46,979,CHARACTERS_TYPED,9916
2022-03-17 10:44:02,979,CHARACTERS_TYPED,10138
2022-03-17 10:37:34,979,CHARACTERS_TYPED,10824
2022-03-17 10:40:23,979,CHARACTERS_TYPED,10585
2022-03-17 10:29:58,979,CHARACTERS_TYPED,10641
2022-03-17 10:47:13,979,CHARACTERS_TYPED,11009
2022-03-17 10:41:14,979,CHARACTERS_TYPED,11061
2022-03-17 10:35:00,979,CHARACTERS_TYPED,11646
2022-03-17 10:36:02,979,CHARACTERS_TYPED,11383
2022-03-17 10:41:18,979,CHARACTERS_TYPED,11416
2022-03-17 10:36:04,979,CHARACTERS_TYPED,11193
2022-03-17 10:39:45,979,CHARACTERS_TYPED,12238
2022-03-17 10:41:27,979,CHARACTERS_TYPED,12289
2022-03-17 10:41:29,979,CHARACTERS_TYPED,12091
2022-03-17 10:43:22,979,CHARACTERS_TYPED,12143
2022-03-17 10:48:11,979,CHARACTERS_TYPED,12344
2022-03-17 10:43:10,979,CHARACTERS_TYPED,12374
2022-03-17 10:46:03,979,CHARACTERS_TYPED,12059
2022-03-17 10:51:12,979,CHARACTERS_TYPED,13088
2022-03-17 10:38:58,979,CHARACTERS_TYPED,12981
2022-03-17 10:48:19,979,CHARACTERS_TYPED,13049
2022-03-17 10:49:36,979,CHARACTERS_TYPED,13158
2022-03-17 10:53:10,979,CHARACTERS_TYPED,12904
2022-03-17 10:50:37,979,CHARACTERS_TYPED,13031
2022-03-17 10:54:09,979,CHARACTERS_TYPED,12932
2022-03-17 10:56:23,979,CHARACTERS_TYPED,13108
2022-03-17 10:59:48,979,CHARACTERS_TYPED,12992
2022-03-17 10:51:00,979,CHARACTERS_TYPED,12926
2022-03-17 10:57:35,979,CHARACTERS_TYPED,13066
2022-03-17 11:04:54,979,CHARACTERS_TYPED,13292
2022-03-17 10:53:16,979,CHARACTERS_TYPED,13409
2022-03-17 11:00:52,979,CHARACTERS_TYPED,13122
2022-03-17 11:10:18,979,CHARACTERS_TYPED,13174
2022-03-17 11:05:36,979,CHARACTERS_TYPED,13225
2022-03-17 11:07:21,979,CHARACTERS_TYPED,13237
2022-03-17 11:12:35,979,CHARACTERS_TYPED,13242
2022-03-17 11:07:19,979,CHARACTERS_TYPED,13001
2022-03-17 10:59:11,979,CHARACTERS_TYPED,12865
2022-03-17 11:13:22,979,CHARACTERS_TYPED,13076
2022-03-17 11:02:47,979,CHARACTERS_TYPED,13063
2022-03-17 11:04:12,979,CHARACTERS_TYPED,13027
2022-03-17 11:14:40,979,CHARACTERS_TYPED,13299
2022-03-17 11:06:23,979,CHARACTERS_TYPED,13283
2022-03-17 11:13:13,979,CHARACTERS_TYPED,13334
2022-03-17 11:04:11,979,CHARACTERS_TYPED,13202
2022-03-17 11:08:07,979,CHARACTERS_TYPED,13303
2022-03-17 11:15:23,979,CHARACTERS_TYPED,12902
2022-03-17 11:12:53,979,CHARACTERS_TYPED,13068
2022-03-17 11:13:03,979,CHARACTERS_TYPED,13007
2022-03-17 11:11:57,979,CHARACTERS_TYPED,12947
2022-03-17 11:14:56,979,CHARACTERS_TYPED,12880
2022-03-17 11:12:25,979,CHARACTERS_TYPED,13197
2022-03-17 11:21:35,979,CHARACTERS_TYPED,13456
2022-03-17 11:16:42,979,CHARACTERS_TYPED,13722
2022-03-17 11:13:07,979,CHARACTERS_TYPED,13685
2022-03-17 11:17:33,979,CHARACTERS_TYPED,13666
2022-03-17 11:15:45,979,CHARACTERS_TYPED,13717
2022-03-17 11:19:18,979,CHARACTERS_TYPED,13776
2022-03-17 11:20:13,979,CHARACTERS_TYPED,14254
2022-03-17 11:22:59,979,CHARACTERS_TYPED,14581
2022-03-17 11:17:31,979,CHARACTERS_TYPED,14006
2022-03-17 11:10:25,979,CHARACTERS_TYPED,14142
2022-03-17 11:25:07,979,CHARACTERS_TYPED,14267
2022-03-17 11:12:27,979,CHARACTERS_TYPED,13995
2022-03-17 11:28:17,979,CHARACTERS_TYPED,14089
2022-03-17 11:25:45,979,CHARACTERS_TYPED,14240
2022-03-17 11:18:44,979,CHARACTERS_TYPED,14271
2022-03-17 11:25:13,979,CHARACTERS_TYPED,14746
2022-03-17 11:25:59,979,CHARACTERS_TYPED,14803
2022-03-17 11:27:08,979,CHARACTERS_TYPED,14855
2022-03-17 11:28:30,979,CHARACTERS_TYPED,14734
2022-03-17 11:27:13,979,CHARACTERS_TYPED,14789
2022-03-17 11:23:56,979,CHARACTERS_TYPED,14803
2022-03-17 11:26:49,979,CHARACTERS_TYPED,14641
2022-03-17 11:33:13,979,CHARACTERS_TYPED,15116
2022-03-17 11:26:02,979,CHARACTERS_TYPED,15378
2022-03-17 11:29:51,979,CHARACTERS_TYPED,14859
2022-03-17 11:25:31,979,CHARACTERS_TYPED,15057
2022-03-17 11:33:17,979,CHARACTERS_TYPED,15073
2022-03-17 11:36:19,979,CHARACTERS_TYPED,14704
2022-03-17 11:41:44,979,CHARACTERS_TYPED,14770
2022-03-17 11:46:06,979,CHARACTERS_TYPED,14827
2022-03-17 11:38:56,979,CHARACTERS_TYPED,14652
2022-03-17 11:38:33,979,CHARACTERS_TYPED,14703
2022-03-17 11:42:31,979,CHARACTERS_TYPED,14091
2022-03-17 11:34:14,979,CHARACTERS_TYPED,13934
2022-03-17 11:32:39,979,CHARACTERS_TYPED,13740
2022-03-17 11:47:14,979,CHARACTERS_TYPED,13837
2022-03-17 11:38:17,979,CHARACTERS_TYPED,13984
2022-03-17 11:41:51,979,CHARACTERS_TYPED,14130
2022-03-17 11:40:33,979,CHARACTERS_TYPED,13919
2022-03-17 11:44:40,979,CHARACTERS_TYPED,13970
2022-03-17 11:38:11,979,CHARACTERS_TYPED,14342
2022-03-17 11:34:42,979,CHARACTERS_TYPED,14595
2022-03-17 11:42:27,979,CHARACTERS_TYPED,14652
2022-03-17 11:39:05,979,CHARACTERS_TYPED,14314
2022-03-17 11:45:20,979,CHARACTERS_TYPED,14366
2022-03-17 11:46:21,979,CHARACTERS_TYPED,14154
2022-03-17 11:41:59,979,CHARACTERS_TYPED,14095
2022-03-17 11:41:34,979,CHARACTERS_TYPED,13987
2022-03-17 11:52:52,979,CHARACTERS_TYPED,13325
2022-03-17 11:49:09,979,CHARACTERS_TYPED,13289
2022-03-17 11:46:51,979,CHARACTERS_TYPED,13492
2022-03-17 11:49:14,979,CHARACTERS_TYPED,13398
2022-03-17 11:47:47,979,CHARACTERS_TYPED,13266
2022-03-17 11:52:28,979,CHARACTERS_TYPED,13613
2022-03-17 11:54:51,979,CHARACTERS_TYPED,13774
2022-03-17 12:00:09,979,CHARACTERS_TYPED,13978
2022-03-17 11:57:29,979,CHARACTERS_TYPED,14030
2022-03-17 12:00:52,979,CHARACTERS_TYPED,13929
2022-03-17 11:57:19,979,CHARACTERS_TYPED,14052
2022-03-17 11:58:06,979,CHARACTERS_TYPED,13774
2022-03-17 12:05:04,979,CHARACTERS_TYPED,13899
2022-03-17 11:59:44,979,CHARACTERS_TYPED,13451
2022-03-17 12:03:53,979,CHARACTERS_TYPED,14002
2022-03-17 12:06:24,979,CHARACTERS_TYPED,14080
2022-03-17 12:04:18,979,CHARACTERS_TYPED,14281
2022-03-17 12:02:35,979,CHARACTERS_TYPED,14359
2022-03-17 11:56:12,979,CHARACTERS_TYPED,14367
2022-03-17 11:56:46,979,CHARACTERS_TYPED,14439
2022-03-17 11:53:47,979,CHARACTERS_TYPED,14101
2022-03-17 12:04:23,979,CHARACTERS_TYPED,13856
2022-03-17 12:00:18,979,CHARACTERS_TYPED,14321
2022-03-17 11:56:20,979,CHARACTERS_TYPED,14372
2022-03-17 12:03:05,979,CHARACTERS_TYPED,14655
2022-03-17 12:00:36,979,CHARACTERS_TYPED,14706
2022-03-17 12:05:48,979,CHARACTERS_TYPED,14802
2022-03-17 12:08:47,979,CHARACTERS_TYPED,14704
2022-03-17 12:08:09,979,CHARACTERS_TYPED,15182
2022-03-17 12:08:53,979,CHARACTERS_TYPED,15689
2022-03-17 12:08:41,979,CHARACTERS_TYPED,15567
2022-03-17 12:06:54,979,CHARACTERS_TYPED,15653
2022-03-17 12:03:51,979,CHARACTERS_TYPED,15686
2022-03-17 12:15:30,979,CHARACTERS_TYPED,15557
2022-03-17 12:10:27,979,CHARACTERS_TYPED,16106
2022-03-17 12:12:52,979,CHARACTERS_TYPED,16437
2022-03-17 12:09:23,979,CHARACTERS_TYPED,16488
2022-03-17 12:08:00,979,CHARACTERS_TYPED,16922
2022-03-17 12:03:17,979,CHARACTERS_TYPED,17334
2022-03-17 12:08:39,979,CHARACTERS_TYPED,17475
2022-03-17 12:09:00,979,CHARACTERS_TYPED,17599
2022-03-17 12:17:40,979,CHARACTERS_TYPED,17481
2022-03-17 12:09:07,979,CHARACTERS_TYPED,17451
2022-03-17 12:12:13,979,CHARACTERS_TYPED,17325
2022-03-17 12:04:55,979,CHARACTERS_TYPED,17377
2022-03-17 12:16:44,979,CHARACTERS_TYPED,17729
2022-03-17 12:15:40,979,CHARACTERS_TYPED,17924
2022-03-17 12:13:04,979,CHARACTERS_TYPED,17758
2022-03-17 12:15:49,979,CHARACTERS_TYPED,18103
2022-03-17 12:22:06,979,CHARACTERS_TYPED,18184
2022-03-17 12:16:03,979,CHARACTERS_TYPED,17647
2022-03-17 12:20:17,979,CHARACTERS_TYPED,17778
2022-03-17 12:20:37,979,CHARACTERS_TYPED,17993
2022-03-17 12:19:17,979,CHARACTERS_TYPED,17804
2022-03-17 12:11:29,979,CHARACTERS_TYPED,17959
2022-03-17 12:24:44,979,CHARACTERS_TYPED,18162
2022-03-17 12:18:47,979,CHARACTERS_TYPED,17783
2022-03-17 12:23:32,979,CHARACTERS_TYPED,17687
2022-03-17 12:17:35,979,CHARACTERS_TYPED,18216
2022-03-17 12:13:55,979,CHARACTERS_TYPED,18068
2022-03-17 12:20:06,979,CHARACTERS_TYPED,18048
2022-03-17 12:25:42,979,CHARACTERS_TYPED,18086
2022-03-17 12:17:42,979,CHARACTERS_TYPED,18152
2022-03-17 12:24:53,979,CHARACTERS_TYPED,18203
2022-03-17 12:21:33,979,CHARACTERS_TYPED,17865
2022-03-17 12:27:39,979,CHARACTERS_TYPED,17503
2022-03-17 12:33:23,979,CHARACTERS_TYPED,17521
2022-03-17 12:29:54,979,CHARACTERS_TYPED,18010
2022-03-17 12:30:42,979,CHARACTERS_TYPED,17389
2022-03-17 12:27:52,979,CHARACTERS_TYPED,17527
2022-03-17 12:28:05,979,CHARACTERS_TYPED,17730
2022-03-17 12:25:40,979,CHARACTERS_TYPED,17691
2022-03-17 12:23:25,979,CHARACTERS_TYPED,17776
